"Id","RouteId","Description","ExactPoint","Time","IsActive","UserId"
844,28,"RESTIA SUITES","MAI ROAD","06:55",1,"b6401c3e-7683-49bc-bb7f-8be3b2fd2210"
845,19,"ARION HOTEL","MAIN ROAD","08:20",1,"b6401c3e-7683-49bc-bb7f-8be3b2fd2210"
848,22,"PALEO DISCO","MAIN ROAD","07:00",1,"b6401c3e-7683-49bc-bb7f-8be3b2fd2210"
849,22,"MOODY BLUE BAR PALEOK.","MAIN ROAD","07:00",1,"b6401c3e-7683-49bc-bb7f-8be3b2fd2210"
850,19,"SOPHIAS CORNER","MAIN ROAD","07:29",1,"b6401c3e-7683-49bc-bb7f-8be3b2fd2210"
851,29,"FOUNTAIN BAR","CROSSROAD","09:45",1,"b6401c3e-7683-49bc-bb7f-8be3b2fd2210"
852,19,"DASSIA PHARMACY","MAIN ROAD","07:31",1,"b6401c3e-7683-49bc-bb7f-8be3b2fd2210"
853,29,"SILVERSTONE GO CARTS","MAIN ROAD","09:44",1,"b6401c3e-7683-49bc-bb7f-8be3b2fd2210"
854,28,"ANGELINA","MAIN ROAD - KALUA BAR","07:30",1,"b6401c3e-7683-49bc-bb7f-8be3b2fd2210"
855,22,"VILLA MIRTO","MAIN ROAD","07:15",1,"b6401c3e-7683-49bc-bb7f-8be3b2fd2210"
856,29,"SAN MARINA","MAIN ROAD","09:45",1,"b6401c3e-7683-49bc-bb7f-8be3b2fd2210"
858,29,"CAPTAINS AG.PETROS","MAIN ROAD","09:44",1,"b6401c3e-7683-49bc-bb7f-8be3b2fd2210"
859,29,"SCRIVAS","MAIN ROAD","09:44",1,"b6401c3e-7683-49bc-bb7f-8be3b2fd2210"
860,28,"NSK OFFICE SIDARI (MELISSA)","MAIN ROAD","07:30",1,"b6401c3e-7683-49bc-bb7f-8be3b2fd2210"
861,28,"PANORAMA","SIDARI SCONTO MARKET","07:30",1,"b6401c3e-7683-49bc-bb7f-8be3b2fd2210"
862,28,"SPIROS S/M SIDARI","MAIN ROAD","07:37",1,"b6401c3e-7683-49bc-bb7f-8be3b2fd2210"
863,28,"TZORAS S/M ACHARAVI","MAIN ROAD","06:57",1,"b6401c3e-7683-49bc-bb7f-8be3b2fd2210"
864,29,"EKATI HOTEL","OFFICE","09:45",1,"b6401c3e-7683-49bc-bb7f-8be3b2fd2210"
865,29,"ISLAND HOLIDAYS","OFFICE","09:45",1,"b6401c3e-7683-49bc-bb7f-8be3b2fd2210"
866,29,"LEMON GROVE","MAIN ROAD","09:45",1,"b6401c3e-7683-49bc-bb7f-8be3b2fd2210"
867,22,"LAKONES JUNCTION","JUNCTION","07:00",1,"b6401c3e-7683-49bc-bb7f-8be3b2fd2210"
868,22,"ROSA BELLA","ERMONES BRIDGE","07:05",1,"b6401c3e-7683-49bc-bb7f-8be3b2fd2210"
870,22,"ERMONES BUS STOP","BUS STOP","07:05",1,"b6401c3e-7683-49bc-bb7f-8be3b2fd2210"
871,22,"GLYFADA BUS STOP","BUS STOP","07:15",1,"b6401c3e-7683-49bc-bb7f-8be3b2fd2210"
872,29,"PANDIS TRAVEL","OFFICE","09:45",1,"b6401c3e-7683-49bc-bb7f-8be3b2fd2210"
873,32,"AKTI ARILLAS HOTEL","AKTI ARILLAS","07:00",1,"b6401c3e-7683-49bc-bb7f-8be3b2fd2210"
875,28,"SUNRISE TAVERNA","MAIN ROAD","07:20",1,"b6401c3e-7683-49bc-bb7f-8be3b2fd2210"
876,19,"UNCLE HARRY S/M","MAIN ROAD","07:15",1,"b6401c3e-7683-49bc-bb7f-8be3b2fd2210"
877,20,"CATHOLIC CHURCH MESSONGHI","MAIN ROAD","09:11",1,"b6401c3e-7683-49bc-bb7f-8be3b2fd2210"
878,19,"VIVA BAR","M.ROAD","07:31",1,"b6401c3e-7683-49bc-bb7f-8be3b2fd2210"
880,28,"SUMMERTIME HOTEL","SAXOPHONE BAR","07:34",1,"b6401c3e-7683-49bc-bb7f-8be3b2fd2210"
882,19,"CORFU MARE","MAIN ROAD","07:54",1,"b6401c3e-7683-49bc-bb7f-8be3b2fd2210"
883,19,"NISSAKI KATERINA'S S/M","MAIN ROAD","07:05",1,"b6401c3e-7683-49bc-bb7f-8be3b2fd2210"
884,32,"ROSE GARDEN APTS","PARADISE S/M ST. STEF.","07:10",1,"b6401c3e-7683-49bc-bb7f-8be3b2fd2210"
885,22,"GR.MEDITTERANNEO","HOTEL","07:05",1,"b6401c3e-7683-49bc-bb7f-8be3b2fd2210"
886,28,"POTAMOS","CROSSROAD","07:30",1,"b6401c3e-7683-49bc-bb7f-8be3b2fd2210"
887,20,"STARS STDS","M.ROAD","09:41",1,"b6401c3e-7683-49bc-bb7f-8be3b2fd2210"
889,32,"NAFSIKA SAN STEFANO","M.ROAD","07:10",1,"b6401c3e-7683-49bc-bb7f-8be3b2fd2210"
890,19,"BRETAGNE HOTEL","M.ROAD","08:20",1,"b6401c3e-7683-49bc-bb7f-8be3b2fd2210"
891,19,"BUTCHERS CORNER PIRGI","MAIN ROAD","07:20",1,"b6401c3e-7683-49bc-bb7f-8be3b2fd2210"
892,28,"FIRE STATION","M.ROAD","07:05",1,"b6401c3e-7683-49bc-bb7f-8be3b2fd2210"
893,19,"MARGARITA DASSIA-IPSOS","M.ROAD","07:25",1,"b6401c3e-7683-49bc-bb7f-8be3b2fd2210"
894,29,"NIKOS APTS AG.PETROS","M.ROAD","09:44",1,"b6401c3e-7683-49bc-bb7f-8be3b2fd2210"
895,29,"OULA APTS","CROSSROAD","09:45",1,"b6401c3e-7683-49bc-bb7f-8be3b2fd2210"
896,32,"LITTLE PRINCE","ASPA S/M","07:10",1,"b6401c3e-7683-49bc-bb7f-8be3b2fd2210"
897,32,"ATHINA","ASPA S/M","07:10",1,"b6401c3e-7683-49bc-bb7f-8be3b2fd2210"
898,19,"KOMENO BAY","EVA P. CROSSROAD","07:38",1,"b6401c3e-7683-49bc-bb7f-8be3b2fd2210"
899,28,"BOSTONIA VILLAGE","TZORAS S/M","07:00",1,"b6401c3e-7683-49bc-bb7f-8be3b2fd2210"
900,32,"MARINA ARILLAS","M.ROAD","07:00",1,"b6401c3e-7683-49bc-bb7f-8be3b2fd2210"
901,22,"PHILOXENIA","BRIDGE","07:05",1,"b6401c3e-7683-49bc-bb7f-8be3b2fd2210"
902,22,"OCEANIS","M.ROAD","07:00",1,"b6401c3e-7683-49bc-bb7f-8be3b2fd2210"
903,20,"AKTI PERAMA","M.ROAD","08:30",1,"b6401c3e-7683-49bc-bb7f-8be3b2fd2210"
905,19,"KIRKI TAVERNA","M.ROAD","07:31",1,"b6401c3e-7683-49bc-bb7f-8be3b2fd2210"
906,19,"PRIMAVERA HOTEL","M.ROAD-OPPOSITE","07:35",1,"b6401c3e-7683-49bc-bb7f-8be3b2fd2210"
907,28,"LAGOON","M.ROAD","07:30",1,"b6401c3e-7683-49bc-bb7f-8be3b2fd2210"
908,19,"CORFU RESIDENSE","M.ROAD","07:06",1,"b6401c3e-7683-49bc-bb7f-8be3b2fd2210"
909,28,"GIANNIS RENT A BIKE KASSIOPI","M.ROAD","06:40",1,"b6401c3e-7683-49bc-bb7f-8be3b2fd2210"
910,22,"PALEO CAMPING","MAIN ROAD","07:00",1,"b6401c3e-7683-49bc-bb7f-8be3b2fd2210"
911,29,"MORFEAS HOTEL","M.ROAD","09:45",1,"b6401c3e-7683-49bc-bb7f-8be3b2fd2210"
912,28,"SIDARI MIMOZA","M.ROAD","07:30",1,"b6401c3e-7683-49bc-bb7f-8be3b2fd2210"
913,28,"RODA BP","M.ROAD","07:06",1,"b6401c3e-7683-49bc-bb7f-8be3b2fd2210"
914,28,"ALMYROS NATURA","HOTEL","06:55",1,"b6401c3e-7683-49bc-bb7f-8be3b2fd2210"
915,22,"PALEO INN","HOTEL","07:00",1,"b6401c3e-7683-49bc-bb7f-8be3b2fd2210"
916,32,"ROMANZA HOTEL ST.STEFANO","HOTEL","07:10",1,"b6401c3e-7683-49bc-bb7f-8be3b2fd2210"
917,20,"PERIVOLI GAS STATION","M.ROAD","09:40",1,"b6401c3e-7683-49bc-bb7f-8be3b2fd2210"
918,22,"ODYSSEUS","M.ROAD","07:00",1,"b6401c3e-7683-49bc-bb7f-8be3b2fd2210"
919,28,"NIKOS SUPERMARKET","M.ROAD","06:40",1,"b6401c3e-7683-49bc-bb7f-8be3b2fd2210"
920,28,"ALKION","M.ROAD","07:30",1,"b6401c3e-7683-49bc-bb7f-8be3b2fd2210"
921,28,"ANDROMEDA HOTEL","HOTEL","07:30",1,"b6401c3e-7683-49bc-bb7f-8be3b2fd2210"
922,20,"GOLDEN SUNSET BUKARI","M.ROAD","08:55",1,"b6401c3e-7683-49bc-bb7f-8be3b2fd2210"
923,28,"RODA TAXI RANK","M.ROAD","07:09",1,"b6401c3e-7683-49bc-bb7f-8be3b2fd2210"
924,22,"SPIROS TAVERNA","M.ROAD","07:00",1,"b6401c3e-7683-49bc-bb7f-8be3b2fd2210"
925,28,"MICHELANGELO KASSIOPI","NIKOS SUPERMARKET","06:40",1,"b6401c3e-7683-49bc-bb7f-8be3b2fd2210"
926,32,"THEO HOTEL PAGOI","HOTEL","06:50",1,"b6401c3e-7683-49bc-bb7f-8be3b2fd2210"
927,22,"FAROS","M.ROAD","07:00",1,"b6401c3e-7683-49bc-bb7f-8be3b2fd2210"
928,28,"OLGA","M.ROAD","07:30",1,"b6401c3e-7683-49bc-bb7f-8be3b2fd2210"
929,32,"KALOUDIS","MARINA ARILLAS HOTEL","07:00",1,"b6401c3e-7683-49bc-bb7f-8be3b2fd2210"
930,32,"MARVEL HOTEL","M.ROAD","07:00",1,"b6401c3e-7683-49bc-bb7f-8be3b2fd2210"
931,28,"SUNNY CORFU SIDARI","M. ROAD","07:30",1,"b6401c3e-7683-49bc-bb7f-8be3b2fd2210"
932,28,"SIDARI SCONTO MARKET","M. ROAD","07:30",1,"b6401c3e-7683-49bc-bb7f-8be3b2fd2210"
933,29,"KAVOS PLAZA","M.ROAD","09:45",1,"b6401c3e-7683-49bc-bb7f-8be3b2fd2210"
934,28,"IMEROLIA KASIOPI","M. ROAD","06:40",1,"b6401c3e-7683-49bc-bb7f-8be3b2fd2210"
935,28,"PARADISE BAR","M. ROAD","07:30",1,"b6401c3e-7683-49bc-bb7f-8be3b2fd2210"
936,32,"COSTAS GOLDEN BEACH-PAGOI","MAIN GATE","06:50",1,"b6401c3e-7683-49bc-bb7f-8be3b2fd2210"
939,19,"BARBATI BEACH","MAIN ROAD","07:15",1,"b6401c3e-7683-49bc-bb7f-8be3b2fd2210"
940,29,"YIANETTA","M. ROAD","09:44",1,"b6401c3e-7683-49bc-bb7f-8be3b2fd2210"
941,22,"PALEO ART NOUVEAU","M. ROAD","07:00",1,"b6401c3e-7683-49bc-bb7f-8be3b2fd2210"
942,19,"ARITI","M. ROAD","08:20",1,"b6401c3e-7683-49bc-bb7f-8be3b2fd2210"
943,29,"SOCRATIS","M.ROAD","09:44",1,"b6401c3e-7683-49bc-bb7f-8be3b2fd2210"
944,20,"MAYFLOWER","EKO-MORAITIKA","09:10",1,"b6401c3e-7683-49bc-bb7f-8be3b2fd2210"
945,19,"BARBATI CHURCH","MAIN ROAD","07:15",1,"b6401c3e-7683-49bc-bb7f-8be3b2fd2210"
946,19,"CORFU PALACE","M. ROAD","08:15",1,"b6401c3e-7683-49bc-bb7f-8be3b2fd2210"
947,19,"BRETANIA HOTEL","M. ROAD","08:20",1,"b6401c3e-7683-49bc-bb7f-8be3b2fd2210"
948,19,"IPSOS ΔΗΜΑΡΧΕΙΟ","MAIN ROAD","07:20",1,"b6401c3e-7683-49bc-bb7f-8be3b2fd2210"
949,29,"KYANEA","MAIN ROAD","09:44",1,"b6401c3e-7683-49bc-bb7f-8be3b2fd2210"
950,29,"SEA SIDE","MAIN ROAD","09:44",1,"b6401c3e-7683-49bc-bb7f-8be3b2fd2210"
951,19,"EKO DASSIA","EKO DASSIA","07:20",1,"b6401c3e-7683-49bc-bb7f-8be3b2fd2210"
952,29,"SUNRISE","M.ROAD","09:44",1,"b6401c3e-7683-49bc-bb7f-8be3b2fd2210"
953,19,"TILEMACHOS HOTEL","MAIN ROAD","07:35",1,"b6401c3e-7683-49bc-bb7f-8be3b2fd2210"
954,19,"TARTAYIA BAR","M.ROAD-APENANTI","07:30",1,"b6401c3e-7683-49bc-bb7f-8be3b2fd2210"
955,20,"TATIANA HOUSE","NEXT DIMOS MELITEION","09:15",1,"b6401c3e-7683-49bc-bb7f-8be3b2fd2210"
956,20,"TSAKI","TSAKI-SPIROS BIKES","08:55",1,"b6401c3e-7683-49bc-bb7f-8be3b2fd2210"
957,29,"CAPO DI CORFU","M.GATE","09:44",1,"b6401c3e-7683-49bc-bb7f-8be3b2fd2210"
958,28,"MARE BLUE = BLUE BAY","HOTEL","06:50",1,"b6401c3e-7683-49bc-bb7f-8be3b2fd2210"
959,19,"RIVIERA BARBATI","MAIN ROAD","07:15",1,"b6401c3e-7683-49bc-bb7f-8be3b2fd2210"
960,20,"ALEXANDROS","M.ROAD","08:46",1,"b6401c3e-7683-49bc-bb7f-8be3b2fd2210"
961,19,"SAINT NICHOLAS","JET OIL","07:41",1,"b6401c3e-7683-49bc-bb7f-8be3b2fd2210"
963,31,"KAVOS JETTY","-","10:00",1,"b6401c3e-7683-49bc-bb7f-8be3b2fd2210"
964,31,"LEFKIMMI PORT","-","09:45",1,"b6401c3e-7683-49bc-bb7f-8be3b2fd2210"
965,29,"IONIAN SEA VIEW","M.ROAD","09:45",1,"b6401c3e-7683-49bc-bb7f-8be3b2fd2210"
966,29,"CHANDRIS S/M","M. ROAD","09:45",1,"b6401c3e-7683-49bc-bb7f-8be3b2fd2210"
967,29,"CORFU SEA GARDENS","M. ROAD","09:45",1,"b6401c3e-7683-49bc-bb7f-8be3b2fd2210"
968,29,"ASPIOTIS","OFFICE","09:45",1,"b6401c3e-7683-49bc-bb7f-8be3b2fd2210"
969,29,"ASPROKAVOS S/M","M. ROAD","09:45",1,"b6401c3e-7683-49bc-bb7f-8be3b2fd2210"
970,20,"ANNITA HTL","M.ROAD","08:35",1,"b6401c3e-7683-49bc-bb7f-8be3b2fd2210"
972,20,"PERAMA KIOSK","OASIS","08:40",1,"b6401c3e-7683-49bc-bb7f-8be3b2fd2210"
973,20,"LINIA BP","M.ROAD","09:30",1,"b6401c3e-7683-49bc-bb7f-8be3b2fd2210"
974,20,"KAIZER BRIDGE","M.ROAD","08:49",1,"b6401c3e-7683-49bc-bb7f-8be3b2fd2210"
975,22,"SINARADES","BUS STOP-CROSSROAD","07:45",1,"b6401c3e-7683-49bc-bb7f-8be3b2fd2210"
976,22,"PALEOKASTRITSA HOTEL","MAIN ROAD","07:00",1,"b6401c3e-7683-49bc-bb7f-8be3b2fd2210"
977,22,"AMPELAKI","RESTURANT LA CALM","07:00",1,"b6401c3e-7683-49bc-bb7f-8be3b2fd2210"
978,19,"MAGGIOROS S/M","M.ROAD","07:28",1,"b6401c3e-7683-49bc-bb7f-8be3b2fd2210"
981,20,"PONTIKONISI HTL","M.ROAD","08:45",1,"b6401c3e-7683-49bc-bb7f-8be3b2fd2210"
983,20,"OSCAR RENT A CAR","M.ROAD","09:10",1,"b6401c3e-7683-49bc-bb7f-8be3b2fd2210"
984,22,"MICHALIS TAVERNA","M.ROAD","07:10",1,"b6401c3e-7683-49bc-bb7f-8be3b2fd2210"
985,20,"G+S OFFICE","M.ROAD","09:10",1,"b6401c3e-7683-49bc-bb7f-8be3b2fd2210"
986,19,"AKTI BARBATI APPTS","M.ROAD","07:15",1,"b6401c3e-7683-49bc-bb7f-8be3b2fd2210"
987,19,"MIRABELO","KIOSK - M.ROAD","07:30",1,"b6401c3e-7683-49bc-bb7f-8be3b2fd2210"
988,19,"DASSIA BEACH","JOY S/M","07:29",1,"b6401c3e-7683-49bc-bb7f-8be3b2fd2210"
989,19,"HELLENIC OFFICE","KANALIA (NEXT TO TUI OFFICE)","08:00",1,"b6401c3e-7683-49bc-bb7f-8be3b2fd2210"
990,28,"SPIROS SUPERMARKET","M.ROAD","07:04",1,"b6401c3e-7683-49bc-bb7f-8be3b2fd2210"
991,20,"BELLOS BEACH HOTEL","M.ROAD","08:59",1,"b6401c3e-7683-49bc-bb7f-8be3b2fd2210"
992,28,"SALVANOS S/M","M.ROAD","07:00",1,"b6401c3e-7683-49bc-bb7f-8be3b2fd2210"
993,20,"BRITISH S/M","M.ROAD","08:35",1,"b6401c3e-7683-49bc-bb7f-8be3b2fd2210"
994,20,"COCA COLA","M.ROAD","08:35",1,"b6401c3e-7683-49bc-bb7f-8be3b2fd2210"
995,20,"CHURCH - ST.GEORGE'S","M. ROAD","09:40",1,"b6401c3e-7683-49bc-bb7f-8be3b2fd2210"
997,20,"PASSAS STD","BENITSES PORT","08:50",1,"b6401c3e-7683-49bc-bb7f-8be3b2fd2210"
998,20,"ELEANA APTS","M.ROAD","09:40",1,"b6401c3e-7683-49bc-bb7f-8be3b2fd2210"
999,19,"EVA PALACE","EVA PALACE CROSSROAD","07:38",1,"b6401c3e-7683-49bc-bb7f-8be3b2fd2210"
1000,28,"SIDARI VILLAGE","LAGOON","07:30",1,"b6401c3e-7683-49bc-bb7f-8be3b2fd2210"
1001,19,"NEW HOSPITAL","TRAFFIC LIGHTS","07:40",1,"b6401c3e-7683-49bc-bb7f-8be3b2fd2210"
1002,19,"SAN MARCO","MINI MARKET","07:19",1,"b6401c3e-7683-49bc-bb7f-8be3b2fd2210"
1003,19,"AB VASILOPOYLOS KONTOKALI","M.ROAD","07:45",1,"b6401c3e-7683-49bc-bb7f-8be3b2fd2210"
1004,19,"SPIRIDOULA APPTS","KAZIANIS S/M","07:39",1,"b6401c3e-7683-49bc-bb7f-8be3b2fd2210"
1005,28,"PIXEL (SPORT CENTER)","M.ROAD","07:03",1,"b6401c3e-7683-49bc-bb7f-8be3b2fd2210"
1006,20,"GRANDE MARE = COSTA BLUE","M.ROAD","08:52",1,"b6401c3e-7683-49bc-bb7f-8be3b2fd2210"
1007,22,"LIAPADES BEACH","HOTEL - TAVERNA","07:10",1,"b6401c3e-7683-49bc-bb7f-8be3b2fd2210"
1008,20,"TZEVENOS","M.ROAD","09:40",1,"b6401c3e-7683-49bc-bb7f-8be3b2fd2210"
1009,20,"ANANIAS","BLUE SEA-MAIN ROAD","09:40",1,"b6401c3e-7683-49bc-bb7f-8be3b2fd2210"
1010,19,"VIROS CROSSROAD","M.ROAD","08:05",1,"b6401c3e-7683-49bc-bb7f-8be3b2fd2210"
1011,28,"NSK OFFICE RODA","OFFICE","07:05",1,"b6401c3e-7683-49bc-bb7f-8be3b2fd2210"
1012,20,"TRIA GEFYRIA","M.ROAD","08:30",1,"b6401c3e-7683-49bc-bb7f-8be3b2fd2210"
1013,20,"ST.GEORGE HTL","BARBAYIANNIS","09:40",1,"b6401c3e-7683-49bc-bb7f-8be3b2fd2210"
1014,20,"KAPODISTRIAS HTL","BP BEFORE MIRAMARE","09:10",1,"b6401c3e-7683-49bc-bb7f-8be3b2fd2210"
1015,20,"PANORAMA REST.AG.GEORGIOS","M.ROAD","09:40",1,"b6401c3e-7683-49bc-bb7f-8be3b2fd2210"
1016,20,"ARGYRADES","KIOSK","09:40",1,"b6401c3e-7683-49bc-bb7f-8be3b2fd2210"
1017,20,"ONEIRO VILLAS","M.ROAD 200m AFTER REGENCY","09:00",1,"b6401c3e-7683-49bc-bb7f-8be3b2fd2210"
1018,20,"BP MESSONGHI","CROSSROAD FOR AG.MATHEOS","09:20",1,"b6401c3e-7683-49bc-bb7f-8be3b2fd2210"
1020,19,"PARAMITHOUPOLI","M.ROAD","07:45",1,"b6401c3e-7683-49bc-bb7f-8be3b2fd2210"
1021,20,"MARATHIAS","M.ROAD BUS STOP","09:35",1,"b6401c3e-7683-49bc-bb7f-8be3b2fd2210"
1022,28,"THREE LITTLE PIGS","MAIN ROAD","07:31",1,"b6401c3e-7683-49bc-bb7f-8be3b2fd2210"
1023,19,"VILLA ANNA CASTELLO","EKO DASSIA","07:20",1,"b6401c3e-7683-49bc-bb7f-8be3b2fd2210"
1024,19,"SERVOS APPTS","M.ROAD","07:15",1,"b6401c3e-7683-49bc-bb7f-8be3b2fd2210"
1025,20,"GOLDEN SAND","M.ROAD","09:40",1,"b6401c3e-7683-49bc-bb7f-8be3b2fd2210"
1026,22,"LACONES JUNCTION","CROSSROAD","07:00",1,"b6401c3e-7683-49bc-bb7f-8be3b2fd2210"
1027,20,"BLUE SEA HTL","M.ROAD","09:40",1,"b6401c3e-7683-49bc-bb7f-8be3b2fd2210"
1028,28,"ALMYROS VILLAS RESORT","MAIN GATE","07:00",1,"b6401c3e-7683-49bc-bb7f-8be3b2fd2210"
1029,22,"PINK PALACE","PINK PALACE","07:45",1,"b6401c3e-7683-49bc-bb7f-8be3b2fd2210"
1031,19,"MARILENA HOTEL","M.ROAD","07:16",1,"b6401c3e-7683-49bc-bb7f-8be3b2fd2210"
1032,22,"BELVEDERE APPTS AG.GORDIS","M.ROAD","07:45",1,"b6401c3e-7683-49bc-bb7f-8be3b2fd2210"
1033,20,"KERKYRA ISLAND","3K S/M MESSONGHI","09:15",1,"b6401c3e-7683-49bc-bb7f-8be3b2fd2210"
1034,20,"ALBATROS","TAXI STATION","09:15",1,"b6401c3e-7683-49bc-bb7f-8be3b2fd2210"
1035,22,"AQUALAND VILLAGE","M.ROAD","07:25",1,"b6401c3e-7683-49bc-bb7f-8be3b2fd2210"
1037,28,"RODA CROSSROAD","CROSSROAD","07:07",1,"b6401c3e-7683-49bc-bb7f-8be3b2fd2210"
1038,20,"AEGLI HOTEL","PONTIKONISI","08:40",1,"b6401c3e-7683-49bc-bb7f-8be3b2fd2210"
1039,20,"VIOLETTA BUKARI","MAIN ROAD","08:55",1,"b6401c3e-7683-49bc-bb7f-8be3b2fd2210"
1040,28,"ACHARAVI PUMP","M.ROAD","07:01",1,"b6401c3e-7683-49bc-bb7f-8be3b2fd2210"
1041,20,"KARINA HOTEL","M.ROAD","08:57",1,"b6401c3e-7683-49bc-bb7f-8be3b2fd2210"
1042,20,"LORD TRAVEL","M.ROAD","09:40",1,"b6401c3e-7683-49bc-bb7f-8be3b2fd2210"
1043,20,"EL GRECO","M.ROAD","08:50",1,"b6401c3e-7683-49bc-bb7f-8be3b2fd2210"
1044,20,"ALAMANOS","M. ROAD","09:00",1,"b6401c3e-7683-49bc-bb7f-8be3b2fd2210"
1045,19,"KOTSOVOLOS","M.ROAD","07:55",1,"b6401c3e-7683-49bc-bb7f-8be3b2fd2210"
1046,19,"HELLENIS","M.ROAD","08:20",1,"b6401c3e-7683-49bc-bb7f-8be3b2fd2210"
1047,19,"LA RIVIERA","M.ROAD","07:14",1,"b6401c3e-7683-49bc-bb7f-8be3b2fd2210"
1048,22,"PARADISE FUN CLUB","M. ROAD - KIOSK","07:30",1,"b6401c3e-7683-49bc-bb7f-8be3b2fd2210"
1049,19,"KONTOKALI - AB BASILOPOULOS","TRAFFIC LIGHTS","07:43",1,"b6401c3e-7683-49bc-bb7f-8be3b2fd2210"
1050,20,"ALKIONIS","M.ROAD","09:10",1,"b6401c3e-7683-49bc-bb7f-8be3b2fd2210"
1053,28,"SIDARI ELIN","M.ROAD","07:38",1,"b6401c3e-7683-49bc-bb7f-8be3b2fd2210"
1054,19,"AKROGIALI","RESTAURANT","07:15",1,"b6401c3e-7683-49bc-bb7f-8be3b2fd2210"
1055,20,"FRINIE","M.ROAD","08:45",1,"b6401c3e-7683-49bc-bb7f-8be3b2fd2210"
1056,20,"OASIS HOTEL","BUS STOP","08:46",1,"b6401c3e-7683-49bc-bb7f-8be3b2fd2210"
1057,20,"KAFESAS","RESTAURANT","09:40",1,"b6401c3e-7683-49bc-bb7f-8be3b2fd2210"
1058,20,"MALTA","RESTAURANT","09:40",1,"b6401c3e-7683-49bc-bb7f-8be3b2fd2210"
1059,20,"VERONIKA","MAIN ROAD","09:00",1,"b6401c3e-7683-49bc-bb7f-8be3b2fd2210"
1060,20,"TAXI MESSONGHI","TAXI STATION","09:15",1,"b6401c3e-7683-49bc-bb7f-8be3b2fd2210"
1061,20,"COOP SUPERMARKET","MAIN ROAD","09:10",1,"b6401c3e-7683-49bc-bb7f-8be3b2fd2210"
1062,20,"AG.GEORGIOS - CROSSROAD","CROSSROAD","09:40",1,"b6401c3e-7683-49bc-bb7f-8be3b2fd2210"
1063,19,"IONIAN ARCHES","POST OFFICE","07:39",1,"b6401c3e-7683-49bc-bb7f-8be3b2fd2210"
1064,28,"ANGELA  BEACH","HOTEL","07:15",1,"b6401c3e-7683-49bc-bb7f-8be3b2fd2210"
1065,28,"GELLINA APARTMENTS","PUMP","07:00",1,"b6401c3e-7683-49bc-bb7f-8be3b2fd2210"
1066,28,"IONIAN PRINCESS","PUMP","07:01",1,"b6401c3e-7683-49bc-bb7f-8be3b2fd2210"
1068,19,"MARIANA","DIELLAS","07:42",1,"b6401c3e-7683-49bc-bb7f-8be3b2fd2210"
1069,19,"GOVINO BAY","PARK HTL M.ROAD","07:40",1,"b6401c3e-7683-49bc-bb7f-8be3b2fd2210"
1070,19,"GEORGIA APARTMENTS","EKO DASSIA","07:20",1,"b6401c3e-7683-49bc-bb7f-8be3b2fd2210"
1071,28,"ROBOLLA BEACH","M.GATE RODA BEACH","07:10",1,"b6401c3e-7683-49bc-bb7f-8be3b2fd2210"
1072,19,"MATHRAKI DINOS","JET OIL","07:41",1,"b6401c3e-7683-49bc-bb7f-8be3b2fd2210"
1073,19,"KIOSK GOUVIA","KIOSK GOUVIA","07:42",1,"b6401c3e-7683-49bc-bb7f-8be3b2fd2210"
1074,20,"ROSSIS","M.ROAD","09:11",1,"b6401c3e-7683-49bc-bb7f-8be3b2fd2210"
1075,28,"FARMAK ΔΗΜΗΤΡΑ S/M","M.ROAD","07:02",1,"b6401c3e-7683-49bc-bb7f-8be3b2fd2210"
1076,28,"BEIS BEACH","SPIROS SM","07:00",1,"b6401c3e-7683-49bc-bb7f-8be3b2fd2210"
1077,28,"CORYFO VILLAGE","SALVANOS SUPER MARKET","07:00",1,"b6401c3e-7683-49bc-bb7f-8be3b2fd2210"
1079,22,"AG.GORDIS HTL=MAYOR LA GROTTA VERDE","HOTEL","07:45",1,"b6401c3e-7683-49bc-bb7f-8be3b2fd2210"
1080,22,"AKROTIRI","M.ROAD","07:00",1,"b6401c3e-7683-49bc-bb7f-8be3b2fd2210"
1081,19,"CAPTAINS","CAPTAINS BAR","07:15",1,"b6401c3e-7683-49bc-bb7f-8be3b2fd2210"
1082,19,"PAVLOS STUDIOS","EKO DASSIA","07:20",1,"b6401c3e-7683-49bc-bb7f-8be3b2fd2210"
1083,19,"IPSOS BEACH HTL","M.ROAD","07:21",1,"b6401c3e-7683-49bc-bb7f-8be3b2fd2210"
1084,19,"PIRGI HOTEL","KREOPOLIO M.ROAD","07:20",1,"b6401c3e-7683-49bc-bb7f-8be3b2fd2210"
1085,19,"JET OIL","M.ROAD","07:41",1,"b6401c3e-7683-49bc-bb7f-8be3b2fd2210"
1086,19,"DIELLAS MARKET","M.ROAD","07:42",1,"b6401c3e-7683-49bc-bb7f-8be3b2fd2210"
1087,19,"PANTOKRATOR HTL","M.ROAD","07:14",1,"b6401c3e-7683-49bc-bb7f-8be3b2fd2210"
1088,19,"OMIROS","DIELLAS","07:42",1,"b6401c3e-7683-49bc-bb7f-8be3b2fd2210"
1089,19,"EYTERPE","KONTOKALI HTL M.GATE","07:45",1,"b6401c3e-7683-49bc-bb7f-8be3b2fd2210"
1090,19,"ROUVAS APTS","ROUVAS RESTAURANT","07:45",1,"b6401c3e-7683-49bc-bb7f-8be3b2fd2210"
1091,20,"BUKARI","PORT","08:55",1,"b6401c3e-7683-49bc-bb7f-8be3b2fd2210"
1093,20,"AQUARIUS","BUS STOP","09:11",1,"b6401c3e-7683-49bc-bb7f-8be3b2fd2210"
1094,20,"EKO MORAITIKA","M.ROAD","09:10",1,"b6401c3e-7683-49bc-bb7f-8be3b2fd2210"
1095,20,"BELLA GRECIA","M.ROAD","09:10",1,"b6401c3e-7683-49bc-bb7f-8be3b2fd2210"
1096,20,"SEA BIRD","TAXI STATION","09:15",1,"b6401c3e-7683-49bc-bb7f-8be3b2fd2210"
1097,20,"ATTIKA BEACH","RECEPTION","09:42",1,"b6401c3e-7683-49bc-bb7f-8be3b2fd2210"
1099,20,"BLUE DIAMOND","M.ROAD","09:40",1,"b6401c3e-7683-49bc-bb7f-8be3b2fd2210"
1100,20,"SANDY BEACH","HOTEL","09:30",1,"b6401c3e-7683-49bc-bb7f-8be3b2fd2210"
1101,20,"DIMOS MEILITEIEON","M.ROAD","09:15",1,"b6401c3e-7683-49bc-bb7f-8be3b2fd2210"
1102,20,"FIRST RENT A CAR","M.ROAD","09:10",1,"b6401c3e-7683-49bc-bb7f-8be3b2fd2210"
1103,20,"FARMAKEIO MORAITIKA","M.ROAD","09:10",1,"b6401c3e-7683-49bc-bb7f-8be3b2fd2210"
1104,20,"THEODOROS TAVERNA(GREEN BUS ST","M.ROAD","08:55",1,"b6401c3e-7683-49bc-bb7f-8be3b2fd2210"
1106,20,"BENITSES KIOSK","M.ROAD","08:53",1,"b6401c3e-7683-49bc-bb7f-8be3b2fd2210"
1107,20,"CORFU MARIS","MAIN ROAD","08:56",1,"b6401c3e-7683-49bc-bb7f-8be3b2fd2210"
1108,20,"APOLLO PALACE","M.GATE","09:11",1,"b6401c3e-7683-49bc-bb7f-8be3b2fd2210"
1109,20,"GEMINI","HOTEL","09:11",1,"b6401c3e-7683-49bc-bb7f-8be3b2fd2210"
1110,20,"MESSONGHI BEACH","TAXI STATION","09:15",1,"b6401c3e-7683-49bc-bb7f-8be3b2fd2210"
1111,20,"MARGARITA","TAXI STATION","09:15",1,"b6401c3e-7683-49bc-bb7f-8be3b2fd2210"
1112,20,"THREE STARS","TAXI STATION","09:15",1,"b6401c3e-7683-49bc-bb7f-8be3b2fd2210"
1113,20,"DELFINIA","BUS STOP","09:09",1,"b6401c3e-7683-49bc-bb7f-8be3b2fd2210"
1114,20,"MIRAMARE BEACH","M.ROAD","09:09",1,"b6401c3e-7683-49bc-bb7f-8be3b2fd2210"
1115,20,"CORFU VILLAGE","M.ROAD","09:05",1,"b6401c3e-7683-49bc-bb7f-8be3b2fd2210"
1116,20,"MARBELLA","M.ROAD","09:05",1,"b6401c3e-7683-49bc-bb7f-8be3b2fd2210"
1117,20,"CORFU SENSES=MARE MONTE","M.ROAD","09:00",1,"b6401c3e-7683-49bc-bb7f-8be3b2fd2210"
1118,20,"NERAIDA ONEIRO","M.ROAD","09:00",1,"b6401c3e-7683-49bc-bb7f-8be3b2fd2210"
1119,20,"PRIMASOL IONIAN SUN = REGENCY","M.ROAD","09:02",1,"b6401c3e-7683-49bc-bb7f-8be3b2fd2210"
1120,20,"BELVEDERE","M.ROAD BUS STOP","09:00",1,"b6401c3e-7683-49bc-bb7f-8be3b2fd2210"
1121,20,"ACHILLEUS","M.ROAD","16:35",1,"b6401c3e-7683-49bc-bb7f-8be3b2fd2210"
1122,20,"POTAMAKI","MAIN ROAD","08:54",1,"b6401c3e-7683-49bc-bb7f-8be3b2fd2210"
1123,20,"AEOLOS BEACH","M.ROAD","08:47",1,"b6401c3e-7683-49bc-bb7f-8be3b2fd2210"
1124,22,"AG. GORDIOS","BUS STOP","07:45",1,"b6401c3e-7683-49bc-bb7f-8be3b2fd2210"
1125,19,"CORFU HOLIDAY","M.GATE","08:20",1,"b6401c3e-7683-49bc-bb7f-8be3b2fd2210"
1126,19,"DIVANI","M.ROAD","08:10",1,"b6401c3e-7683-49bc-bb7f-8be3b2fd2210"
1127,19,"MON REPO HTL","HOTEL","08:10",1,"b6401c3e-7683-49bc-bb7f-8be3b2fd2210"
1128,19,"CAVALIERI","HOTEL","08:20",1,"b6401c3e-7683-49bc-bb7f-8be3b2fd2210"
1129,22,"PELEKAS BEACH","RECEPTION","07:25",1,"b6401c3e-7683-49bc-bb7f-8be3b2fd2210"
1130,19,"KERKYRA GOLF","M.ROAD BUS STOP","07:50",1,"b6401c3e-7683-49bc-bb7f-8be3b2fd2210"
1131,19,"KONTOKALI BAY","M.GATE","07:55",1,"b6401c3e-7683-49bc-bb7f-8be3b2fd2210"
1132,19,"CORFU IMPERIAL","M.GATE","07:39",1,"b6401c3e-7683-49bc-bb7f-8be3b2fd2210"
1133,19,"SPITI PRIFTI","MAIN ROAD - OPPOSITE","07:42",1,"b6401c3e-7683-49bc-bb7f-8be3b2fd2210"
1134,19,"POPI STAR","SPITI PRIFTI","07:42",1,"b6401c3e-7683-49bc-bb7f-8be3b2fd2210"
1135,19,"MOLFETA","SPITI  PRIFTI","07:42",1,"b6401c3e-7683-49bc-bb7f-8be3b2fd2210"
1136,19,"DEBONO","DIELLAS","07:42",1,"b6401c3e-7683-49bc-bb7f-8be3b2fd2210"
1137,19,"CORKYRA BEACH","JET OIL","07:41",1,"b6401c3e-7683-49bc-bb7f-8be3b2fd2210"
1138,19,"PARADISE","JET OIL","07:41",1,"b6401c3e-7683-49bc-bb7f-8be3b2fd2210"
1139,19,"PARK HOTEL","M.ROAD","07:40",1,"b6401c3e-7683-49bc-bb7f-8be3b2fd2210"
1140,28,"GELLINA MARE","M.ROAD","07:00",1,"b6401c3e-7683-49bc-bb7f-8be3b2fd2210"
1141,22,"GLYFADA VILLA","M.GATE GLYFADA HTL","07:15",1,"b6401c3e-7683-49bc-bb7f-8be3b2fd2210"
1142,22,"GLYFADA BEACH H","BUS STOP","07:15",1,"b6401c3e-7683-49bc-bb7f-8be3b2fd2210"
1143,19,"NEFELI","M.GATE DAPHNILA","07:35",1,"b6401c3e-7683-49bc-bb7f-8be3b2fd2210"
1144,19,"DAPHNILA BAY","M.GATE","07:35",1,"b6401c3e-7683-49bc-bb7f-8be3b2fd2210"
1145,28,"GELLINA VILLAGE","M.GATE","06:59",1,"b6401c3e-7683-49bc-bb7f-8be3b2fd2210"
1146,28,"ACHARAVI BEACH","SALVANOS SUPER MARKET","07:00",1,"b6401c3e-7683-49bc-bb7f-8be3b2fd2210"
1147,28,"CENTURY RESORT","PUMP","07:00",1,"b6401c3e-7683-49bc-bb7f-8be3b2fd2210"
1148,19,"MAGNA GRECIA","BUS STOP","07:32",1,"b6401c3e-7683-49bc-bb7f-8be3b2fd2210"
1149,19,"LIVADI NAFSIKA","CORFU CHANDRIS","07:31",1,"b6401c3e-7683-49bc-bb7f-8be3b2fd2210"
1150,19,"DASSIA CHANDRIS","M.ROAD","07:31",1,"b6401c3e-7683-49bc-bb7f-8be3b2fd2210"
1151,19,"CORFU CHANDRIS","M.ROAD","07:31",1,"b6401c3e-7683-49bc-bb7f-8be3b2fd2210"
1152,28,"BLUE BAY APARTMENTS","PIXEL/FB TRAVEL","07:00",1,"b6401c3e-7683-49bc-bb7f-8be3b2fd2210"
1153,22,"HOTEL ELENA","BRIDGE","07:05",1,"b6401c3e-7683-49bc-bb7f-8be3b2fd2210"
1154,19,"ELEA BEACH","BUS STOP","07:29",1,"b6401c3e-7683-49bc-bb7f-8be3b2fd2210"
1155,22,"BLUE PRINCESS = ELLY BEACH","HOTEL","07:10",1,"b6401c3e-7683-49bc-bb7f-8be3b2fd2210"
1156,19,"NAUTILUS","M.ROAD","07:15",1,"b6401c3e-7683-49bc-bb7f-8be3b2fd2210"
1157,19,"BARBATI BAY","M.ROAD","07:15",1,"b6401c3e-7683-49bc-bb7f-8be3b2fd2210"
1158,28,"RODA BEACH","RECEPTION","07:10",1,"b6401c3e-7683-49bc-bb7f-8be3b2fd2210"
1159,28,"MIRABELL","HOTEL","07:11",1,"b6401c3e-7683-49bc-bb7f-8be3b2fd2210"
1160,19,"NISSAKI BEACH","HOTEL","07:05",1,"b6401c3e-7683-49bc-bb7f-8be3b2fd2210"
1161,19,"SUNSHINE","M.ROAD","07:05",1,"b6401c3e-7683-49bc-bb7f-8be3b2fd2210"
1163,28,"REBECCA VILLAGE","MAIN ROAD - BRIDGE","07:26",1,"b6401c3e-7683-49bc-bb7f-8be3b2fd2210"
1165,32,"KOUROS","ASPA S/M","07:10",1,"b6401c3e-7683-49bc-bb7f-8be3b2fd2210"
1167,19,"HOSPITAL","TRAFFIC LIGHTS","07:45",1,"b6401c3e-7683-49bc-bb7f-8be3b2fd2210"
1168,29,"NAOS","OFFICE","09:45",1,"b6401c3e-7683-49bc-bb7f-8be3b2fd2210"
1169,22,"PALEO POLICE","MAIN ROAD","07:00",1,"b6401c3e-7683-49bc-bb7f-8be3b2fd2210"
1171,28,"VLASEROS KANALI OFFICE","MAIN ROAD","07:30",1,"b6401c3e-7683-49bc-bb7f-8be3b2fd2210"
1173,28,"SAXOPHONE BAR","MAIN ROAD","07:34",1,"b6401c3e-7683-49bc-bb7f-8be3b2fd2210"
1174,28,"CORFIOT OFFICE KANALI","OPPOSITE ANGELINA","07:33",1,"b6401c3e-7683-49bc-bb7f-8be3b2fd2210"
1175,32,"BELLE HELENE","MAIN ROAD","06:50",1,"b6401c3e-7683-49bc-bb7f-8be3b2fd2210"
1176,19,"OLD ASTRON - CITY MARINA","MAYROS GATOS - OPPOSITE","08:01",1,"b6401c3e-7683-49bc-bb7f-8be3b2fd2210"
1177,19,"ROYAL BOUTIQUE","MAIN ROAD","08:10",1,"b6401c3e-7683-49bc-bb7f-8be3b2fd2210"
1178,19,"KIOSK ANALIPSI","KIOSK","07:21",1,"b6401c3e-7683-49bc-bb7f-8be3b2fd2210"
1179,32,"TRIA ADELFIA ARILLAS","MAIN ROAD","07:00",1,"b6401c3e-7683-49bc-bb7f-8be3b2fd2210"
1181,22,"ERMONES BRIDGE","BRIDGE","07:05",1,"b6401c3e-7683-49bc-bb7f-8be3b2fd2210"
1182,28,"POLYXENI","MAIN ROAD","07:30",1,"b6401c3e-7683-49bc-bb7f-8be3b2fd2210"
1183,32,"ALKYON HOTEL","MAIN ROAD","06:50",1,"b6401c3e-7683-49bc-bb7f-8be3b2fd2210"
1184,32,"DIKTIA AG. GEORGIOS","MAIN ROAD","06:50",1,"b6401c3e-7683-49bc-bb7f-8be3b2fd2210"
1185,28,"KASSIOPI PUMP","PUMP","06:40",1,"b6401c3e-7683-49bc-bb7f-8be3b2fd2210"
1187,22,"ARIS SUPERMARKET","MAIN ROAD","07:00",1,"b6401c3e-7683-49bc-bb7f-8be3b2fd2210"
1188,20,"CORFU LIDO SUN","MAIN ROAD","08:58",1,"b6401c3e-7683-49bc-bb7f-8be3b2fd2210"
1189,28,"DAMIA HOTEL","MAIN ROAD","07:36",1,"b6401c3e-7683-49bc-bb7f-8be3b2fd2210"
1192,29,"MEDITERRANEAN BLUE","HOTEL","09:45",1,"b6401c3e-7683-49bc-bb7f-8be3b2fd2210"
1193,19,"ATLANTIS","MAIN ROAD","08:20",1,"b6401c3e-7683-49bc-bb7f-8be3b2fd2210"
1194,28,"AK NEW OFFICE","M.ROAD","07:32",1,"b6401c3e-7683-49bc-bb7f-8be3b2fd2210"
1195,28,"SUNSHINE(MELITSA)","MAIN ROAD","07:30",1,"b6401c3e-7683-49bc-bb7f-8be3b2fd2210"
1196,19,"SAN ANTONIO = ADONIS KALAMI","MAIN ROAD","06:45",1,"b6401c3e-7683-49bc-bb7f-8be3b2fd2210"
1197,20,"PANTHEON","MAIN ROAD","09:11",1,"b6401c3e-7683-49bc-bb7f-8be3b2fd2210"
1198,20,"STORK TOURS OFFICE","MAIN ROAD","09:40",1,"b6401c3e-7683-49bc-bb7f-8be3b2fd2210"
1199,22,"MOUCHAS CORNER","M. ROAD","07:25",1,"b6401c3e-7683-49bc-bb7f-8be3b2fd2210"
1200,20,"VERYCOCO","MAIN ROAD","09:10",1,"b6401c3e-7683-49bc-bb7f-8be3b2fd2210"
1201,22,"GRAND HOTEL GLYFADA","MAIN GATE","07:15",1,"b6401c3e-7683-49bc-bb7f-8be3b2fd2210"
1202,32,"ASPA S/M","MAIN ROAD","07:05",1,"b6401c3e-7683-49bc-bb7f-8be3b2fd2210"
1203,22,"LIAPADES CEMETARY","MAIN ROAD","07:10",1,"b6401c3e-7683-49bc-bb7f-8be3b2fd2210"
1204,28,"GOUDELIS","MAIN ROAD","07:40",1,"b6401c3e-7683-49bc-bb7f-8be3b2fd2210"
1205,32,"ARILLAS ARKOKAL","MAIN ROAD","07:00",1,"b6401c3e-7683-49bc-bb7f-8be3b2fd2210"
1206,28,"ABC SWEETHOME","MAIN ROAD","07:25",1,"b6401c3e-7683-49bc-bb7f-8be3b2fd2210"
1207,28,"CHRISMOS HOTEL","MAIN ROAD - BUS STOP","06:45",1,"b6401c3e-7683-49bc-bb7f-8be3b2fd2210"
1208,32,"AGG PAGI DIKTIA","MAIN ROAD","06:50",1,"b6401c3e-7683-49bc-bb7f-8be3b2fd2210"
1209,28,"MUSEUM ACHARAVI","MAIN ROAD","07:05",1,"b6401c3e-7683-49bc-bb7f-8be3b2fd2210"
1210,28,"OLYMPIC PALACE","MAIN ROAD","07:30",1,"b6401c3e-7683-49bc-bb7f-8be3b2fd2210"
1211,32,"DIONYSSOS","MAIN ROAD","07:00",1,"b6401c3e-7683-49bc-bb7f-8be3b2fd2210"
1212,32,"GOLDEN BEACH","MAIN ROAD","06:50",1,"b6401c3e-7683-49bc-bb7f-8be3b2fd2210"
1213,29,"ISLAND BEACH","MAIN ROAD","09:45",1,"b6401c3e-7683-49bc-bb7f-8be3b2fd2210"
1214,28,"APRAOS HOTEL","MAIN ROAD","06:40",1,"b6401c3e-7683-49bc-bb7f-8be3b2fd2210"
1215,19,"CORFU GOLDEN TRAVEL OFFICE","MAIN ROAD","07:20",1,"b6401c3e-7683-49bc-bb7f-8be3b2fd2210"
1216,32,"MYTHOS SAN STEFANO","TENNIS COURT","07:10",1,"b6401c3e-7683-49bc-bb7f-8be3b2fd2210"
1217,20,"AURORA","MAIN ROAD","09:03",1,"b6401c3e-7683-49bc-bb7f-8be3b2fd2210"
1218,19,"ARTION","BUS STOP","07:31",1,"b6401c3e-7683-49bc-bb7f-8be3b2fd2210"
1219,20,"DIMITRA SUPERMARKET LEFKIMMI","MAIN ROAD","09:41",1,"b6401c3e-7683-49bc-bb7f-8be3b2fd2210"
1220,28,"SIDARI LEGENDS","MAIN ROAD","07:28",1,"b6401c3e-7683-49bc-bb7f-8be3b2fd2210"
1221,19,"CLUB MEDITERANEE","MAIN ROAD","07:20",1,"b6401c3e-7683-49bc-bb7f-8be3b2fd2210"
1222,32,"KAPETANIOS","KATHYS S/M","07:05",1,"b6401c3e-7683-49bc-bb7f-8be3b2fd2210"
1223,19,"DALIA HOTEL","MAIN ROAD","08:20",1,"b6401c3e-7683-49bc-bb7f-8be3b2fd2210"
1224,22,"LIAPADES BUS STOP","BUS STOP","07:10",1,"b6401c3e-7683-49bc-bb7f-8be3b2fd2210"
1225,28,"PALMAR HOTEL","MAIN ROAD","07:34",1,"b6401c3e-7683-49bc-bb7f-8be3b2fd2210"
1226,32,"BARRAS HOTEL","MAIN ROAD","07:10",1,"b6401c3e-7683-49bc-bb7f-8be3b2fd2210"
1227,29,"KAVOS TAXI STATION","MAIN ROAD","09:45",1,"b6401c3e-7683-49bc-bb7f-8be3b2fd2210"
1228,28,"HN TRAVEL RODA","OFFICE","07:08",1,"b6401c3e-7683-49bc-bb7f-8be3b2fd2210"
1229,31,"KAFE GYALI","-","08:30",1,"b6401c3e-7683-49bc-bb7f-8be3b2fd2210"
1230,20,"ST.STEFANO - CROSSROAD","CROSSROAD","08:51",1,"b6401c3e-7683-49bc-bb7f-8be3b2fd2210"
1231,20,"MUSES SEA VEIW","MAIN ROAD","08:50",1,"b6401c3e-7683-49bc-bb7f-8be3b2fd2210"
1232,19,"GLYFA TAVERNA","MAIN ROAD","07:10",1,"b6401c3e-7683-49bc-bb7f-8be3b2fd2210"
1233,28,"BLUE LAGOON HOTEL RODA","MAIN ROAD","07:05",1,"b6401c3e-7683-49bc-bb7f-8be3b2fd2210"
1234,28,"DIELLAS ACHARAVI","MAIN ROAD","07:00",1,"b6401c3e-7683-49bc-bb7f-8be3b2fd2210"
1235,19,"DASSIA CHANDRIS, NSK OFFICE","MAIN ROAD,PHARMACY","07:31",1,"b6401c3e-7683-49bc-bb7f-8be3b2fd2210"
1239,31,"SKALA DHMAPXOY","-","08:30",1,"b6401c3e-7683-49bc-bb7f-8be3b2fd2210"
1242,20,"PERAMA HOTEL","OASIS","08:40",1,"b6401c3e-7683-49bc-bb7f-8be3b2fd2210"
1243,20,"BENITSES PORT","MAIN ROAD","08:50",1,"b6401c3e-7683-49bc-bb7f-8be3b2fd2210"
1244,31,"CORFU TOWN NEW PORT","-","08:30",1,"b6401c3e-7683-49bc-bb7f-8be3b2fd2210"
1245,20,"STADIUM","MAIN ROAD","08:50",1,"b6401c3e-7683-49bc-bb7f-8be3b2fd2210"
1246,19,"AKTAION","MAIN ROAD","08:15",1,"b6401c3e-7683-49bc-bb7f-8be3b2fd2210"
1248,28,"SPIROS SUPERMARKET","M.ROAD","15:10",1,"b6401c3e-7683-49bc-bb7f-8be3b2fd2210"
1249,28,"THREE LITTLE PIGS","MAIN ROAD","14:30",1,"b6401c3e-7683-49bc-bb7f-8be3b2fd2210"
1250,32,"AKTI ARILLAS HOTEL","AKTI ARILLAS","14:05",1,"b6401c3e-7683-49bc-bb7f-8be3b2fd2210"
1251,32,"ARILLAS ARKOKAL","MAIN ROAD","14:05",1,"b6401c3e-7683-49bc-bb7f-8be3b2fd2210"
1252,32,"BELLE HELENE","MAIN ROAD","13:50",1,"b6401c3e-7683-49bc-bb7f-8be3b2fd2210"
1253,32,"DIKTIA AG. GEORGIOS","MAIN ROAD","13:50",1,"b6401c3e-7683-49bc-bb7f-8be3b2fd2210"
1254,32,"SAINT GEORGE PALACE HOTEL","COSTAS RENT A CAR","06:50",1,"b6401c3e-7683-49bc-bb7f-8be3b2fd2210"
1255,19,"KONSTANTINOYPOLIS","MAIN ROAD","08:20",1,"b6401c3e-7683-49bc-bb7f-8be3b2fd2210"
1256,20,"AEOLOS BEACH","M.ROAD","16:40",1,"b6401c3e-7683-49bc-bb7f-8be3b2fd2210"
1257,20,"AG.GEORGIOS - CROSSROAD","CROSSROAD","15:50",1,"b6401c3e-7683-49bc-bb7f-8be3b2fd2210"
1258,20,"AKTI PERAMA","M.ROAD","16:40",1,"b6401c3e-7683-49bc-bb7f-8be3b2fd2210"
1259,20,"ALBATROS","TAXI STATION","16:20",1,"b6401c3e-7683-49bc-bb7f-8be3b2fd2210"
1260,20,"ALEXANDROS","M.ROAD","16:40",1,"b6401c3e-7683-49bc-bb7f-8be3b2fd2210"
1261,20,"ALKIONIS","M.ROAD","16:30",1,"b6401c3e-7683-49bc-bb7f-8be3b2fd2210"
1262,20,"ANANIAS","BLUE SEA-MAIN ROAD","15:50",1,"b6401c3e-7683-49bc-bb7f-8be3b2fd2210"
1263,20,"ANNITA HTL","M.ROAD","16:40",1,"b6401c3e-7683-49bc-bb7f-8be3b2fd2210"
1264,20,"APOLLO PALACE","M.GATE","16:20",1,"b6401c3e-7683-49bc-bb7f-8be3b2fd2210"
1265,20,"AQUARIUS","BUS STOP","16:20",1,"b6401c3e-7683-49bc-bb7f-8be3b2fd2210"
1266,20,"ARGYRADES","KIOSK","15:50",1,"b6401c3e-7683-49bc-bb7f-8be3b2fd2210"
1267,20,"ATTIKA BEACH","RECEPTION","15:40",1,"b6401c3e-7683-49bc-bb7f-8be3b2fd2210"
1268,20,"AURORA","MAIN ROAD","16:20",1,"b6401c3e-7683-49bc-bb7f-8be3b2fd2210"
1269,20,"BELLA GRECIA","M.ROAD","16:30",1,"b6401c3e-7683-49bc-bb7f-8be3b2fd2210"
1270,20,"BELLOS BEACH HOTEL","M.ROAD","16:30",1,"b6401c3e-7683-49bc-bb7f-8be3b2fd2210"
1271,20,"BELVEDERE","M.ROAD BUS STOP","16:30",1,"b6401c3e-7683-49bc-bb7f-8be3b2fd2210"
1272,20,"BENITSES KIOSK","M.ROAD","16:40",1,"b6401c3e-7683-49bc-bb7f-8be3b2fd2210"
1273,20,"BENITSES PORT","MAIN ROAD","16:40",1,"b6401c3e-7683-49bc-bb7f-8be3b2fd2210"
1274,20,"BLUE DIAMOND","M.ROAD","15:50",1,"b6401c3e-7683-49bc-bb7f-8be3b2fd2210"
1275,20,"BLUE SEA HTL","M.ROAD","15:50",1,"b6401c3e-7683-49bc-bb7f-8be3b2fd2210"
1276,20,"BP MESSONGHI","CROSSROAD FOR AG.MATHEOS","16:15",1,"b6401c3e-7683-49bc-bb7f-8be3b2fd2210"
1277,20,"BRITISH S/M","M.ROAD","16:40",1,"b6401c3e-7683-49bc-bb7f-8be3b2fd2210"
1278,20,"CATHOLIC CHURCH MESSONGHI","MAIN ROAD","16:20",1,"b6401c3e-7683-49bc-bb7f-8be3b2fd2210"
1279,20,"CHURCH - ST.GEORGE'S","M. ROAD","15:50",1,"b6401c3e-7683-49bc-bb7f-8be3b2fd2210"
1280,20,"COCA COLA","M.ROAD","16:45",1,"b6401c3e-7683-49bc-bb7f-8be3b2fd2210"
1281,20,"COOP SUPERMARKET","MAIN ROAD","16:20",1,"b6401c3e-7683-49bc-bb7f-8be3b2fd2210"
1282,20,"CORFU LIDO SUN","MAIN ROAD","16:30",1,"b6401c3e-7683-49bc-bb7f-8be3b2fd2210"
1283,20,"CORFU MARIS","MAIN ROAD","16:40",1,"b6401c3e-7683-49bc-bb7f-8be3b2fd2210"
1284,20,"CORFU SENSES=MARE MONTE","M.ROAD","16:30",1,"b6401c3e-7683-49bc-bb7f-8be3b2fd2210"
1285,20,"CORFU VILLAGE","M.ROAD","16:30",1,"b6401c3e-7683-49bc-bb7f-8be3b2fd2210"
1286,20,"DELFINIA","BUS STOP","16:20",1,"b6401c3e-7683-49bc-bb7f-8be3b2fd2210"
1287,20,"DIMITRA SUPERMARKET LEFKIMMI","MAIN ROAD","15:40",1,"b6401c3e-7683-49bc-bb7f-8be3b2fd2210"
1288,20,"DIMOS MEILITEIEON","M.ROAD","16:25",1,"b6401c3e-7683-49bc-bb7f-8be3b2fd2210"
1289,20,"EKO MORAITIKA","M.ROAD","16:20",1,"b6401c3e-7683-49bc-bb7f-8be3b2fd2210"
1290,20,"EL GRECO","M.ROAD","16:40",1,"b6401c3e-7683-49bc-bb7f-8be3b2fd2210"
1291,20,"FARMAKEIO MORAITIKA","M.ROAD","16:30",1,"b6401c3e-7683-49bc-bb7f-8be3b2fd2210"
1292,20,"FRINIE","M.ROAD","16:40",1,"b6401c3e-7683-49bc-bb7f-8be3b2fd2210"
1293,20,"GEMINI","HOTEL","16:20",1,"b6401c3e-7683-49bc-bb7f-8be3b2fd2210"
1294,20,"GOLDEN SAND","M.ROAD","15:50",1,"b6401c3e-7683-49bc-bb7f-8be3b2fd2210"
1295,20,"GRANDE MARE = COSTA BLUE","M.ROAD","16:40",1,"b6401c3e-7683-49bc-bb7f-8be3b2fd2210"
1296,20,"KAFESAS","RESTAURANT","15:50",1,"b6401c3e-7683-49bc-bb7f-8be3b2fd2210"
1297,20,"KAIZER BRIDGE","M.ROAD","16:40",1,"b6401c3e-7683-49bc-bb7f-8be3b2fd2210"
1298,20,"KARINA HOTEL","M.ROAD","16:40",1,"b6401c3e-7683-49bc-bb7f-8be3b2fd2210"
1299,20,"KERKYRA ISLAND","3K S/M MESSONGHI","16:20",1,"b6401c3e-7683-49bc-bb7f-8be3b2fd2210"
1300,20,"LORD TRAVEL","M.ROAD","15:50",1,"b6401c3e-7683-49bc-bb7f-8be3b2fd2210"
1301,20,"MALTA","RESTAURANT","15:45",1,"b6401c3e-7683-49bc-bb7f-8be3b2fd2210"
1302,20,"MARBELLA","M.ROAD","16:30",1,"b6401c3e-7683-49bc-bb7f-8be3b2fd2210"
1303,20,"MUSES SEA VEIW","MAIN ROAD","16:40",1,"b6401c3e-7683-49bc-bb7f-8be3b2fd2210"
1304,20,"PANORAMA REST.AG.GEORGIOS","M.ROAD","15:50",1,"b6401c3e-7683-49bc-bb7f-8be3b2fd2210"
1305,20,"PERAMA HOTEL","OASIS","16:40",1,"b6401c3e-7683-49bc-bb7f-8be3b2fd2210"
1306,20,"PERAMA KIOSK","OASIS","16:40",1,"b6401c3e-7683-49bc-bb7f-8be3b2fd2210"
1307,20,"PONTIKONISI HTL","M.ROAD","16:40",1,"b6401c3e-7683-49bc-bb7f-8be3b2fd2210"
1308,20,"PRIMASOL IONIAN SUN = REGENCY","M.ROAD","16:30",1,"b6401c3e-7683-49bc-bb7f-8be3b2fd2210"
1309,20,"ROSSIS","M.ROAD","16:20",1,"b6401c3e-7683-49bc-bb7f-8be3b2fd2210"
1310,20,"SANDY BEACH","HOTEL","15:50",1,"b6401c3e-7683-49bc-bb7f-8be3b2fd2210"
1311,20,"ST.STEFANO - CROSSROAD","CROSSROAD","16:40",1,"b6401c3e-7683-49bc-bb7f-8be3b2fd2210"
1312,20,"STADIUM","MAIN ROAD","16:40",1,"b6401c3e-7683-49bc-bb7f-8be3b2fd2210"
1313,20,"STORK TOURS OFFICE","MAIN ROAD","15:50",1,"b6401c3e-7683-49bc-bb7f-8be3b2fd2210"
1314,20,"TAXI MESSONGHI","TAXI STATION","16:20",1,"b6401c3e-7683-49bc-bb7f-8be3b2fd2210"
1315,20,"TZEVENOS","M.ROAD","15:50",1,"b6401c3e-7683-49bc-bb7f-8be3b2fd2210"
1316,19,"AB VASILOPOYLOS KONTOKALI","M.ROAD","16:50",1,"b6401c3e-7683-49bc-bb7f-8be3b2fd2210"
1317,19,"BARBATI BEACH","MAIN ROAD","16:10",1,"b6401c3e-7683-49bc-bb7f-8be3b2fd2210"
1318,19,"BARBATI CHURCH","MAIN ROAD","16:10",1,"b6401c3e-7683-49bc-bb7f-8be3b2fd2210"
1319,19,"CORFU CHANDRIS","M.ROAD","16:20",1,"b6401c3e-7683-49bc-bb7f-8be3b2fd2210"
1320,19,"CORFU HOLIDAY","M.GATE","16:55",1,"b6401c3e-7683-49bc-bb7f-8be3b2fd2210"
1321,19,"CORFU IMPERIAL","M.GATE","16:35",1,"b6401c3e-7683-49bc-bb7f-8be3b2fd2210"
1322,19,"DAPHNILA BAY","M.GATE","16:30",1,"b6401c3e-7683-49bc-bb7f-8be3b2fd2210"
1323,19,"DASSIA BEACH","JOY S/M","16:20",1,"b6401c3e-7683-49bc-bb7f-8be3b2fd2210"
1324,19,"DASSIA CHANDRIS","M.ROAD","16:20",1,"b6401c3e-7683-49bc-bb7f-8be3b2fd2210"
1325,19,"DASSIA CHANDRIS, NSK OFFICE","MAIN ROAD,PHARMACY","16:20",1,"b6401c3e-7683-49bc-bb7f-8be3b2fd2210"
1326,19,"DASSIA PHARMACY","MAIN ROAD","16:20",1,"b6401c3e-7683-49bc-bb7f-8be3b2fd2210"
1327,19,"DIELLAS MARKET","M.ROAD","16:40",1,"b6401c3e-7683-49bc-bb7f-8be3b2fd2210"
1328,19,"DIVANI","M.ROAD","16:55",1,"b6401c3e-7683-49bc-bb7f-8be3b2fd2210"
1329,19,"EKO DASSIA","EKO DASSIA","16:30",1,"b6401c3e-7683-49bc-bb7f-8be3b2fd2210"
1330,19,"ELEA BEACH","BUS STOP","16:20",1,"b6401c3e-7683-49bc-bb7f-8be3b2fd2210"
1331,19,"EVA PALACE","EVA PALACE CROSSROAD","16:35",1,"b6401c3e-7683-49bc-bb7f-8be3b2fd2210"
1332,19,"GOVINO BAY","PARK HTL M.ROAD","16:35",1,"b6401c3e-7683-49bc-bb7f-8be3b2fd2210"
1333,19,"HELLENIS","M.ROAD","16:55",1,"b6401c3e-7683-49bc-bb7f-8be3b2fd2210"
1334,19,"HOSPITAL","TRAFFIC LIGHTS","16:50",1,"b6401c3e-7683-49bc-bb7f-8be3b2fd2210"
1335,19,"IPSOS BEACH HTL","M.ROAD","16:15",1,"b6401c3e-7683-49bc-bb7f-8be3b2fd2210"
1336,19,"IPSOS ΔΗΜΑΡΧΕΙΟ","MAIN ROAD","16:15",1,"b6401c3e-7683-49bc-bb7f-8be3b2fd2210"
1337,19,"JET OIL","M.ROAD","16:40",1,"b6401c3e-7683-49bc-bb7f-8be3b2fd2210"
1338,19,"KERKYRA GOLF","M.ROAD BUS STOP","17:00",1,"b6401c3e-7683-49bc-bb7f-8be3b2fd2210"
1339,19,"KIRKI TAVERNA","M.ROAD","16:20",1,"b6401c3e-7683-49bc-bb7f-8be3b2fd2210"
1340,19,"KOMENO BAY","EVA P. CROSSROAD","16:35",1,"b6401c3e-7683-49bc-bb7f-8be3b2fd2210"
1341,19,"KONTOKALI - AB BASILOPOULOS","TRAFFIC LIGHTS","16:50",1,"b6401c3e-7683-49bc-bb7f-8be3b2fd2210"
1342,19,"KONTOKALI BAY","M.GATE","16:50",1,"b6401c3e-7683-49bc-bb7f-8be3b2fd2210"
1343,19,"LA RIVIERA","M.ROAD","16:10",1,"b6401c3e-7683-49bc-bb7f-8be3b2fd2210"
1344,19,"LIVADI NAFSIKA","CORFU CHANDRIS","16:20",1,"b6401c3e-7683-49bc-bb7f-8be3b2fd2210"
1345,19,"MAGNA GRECIA","BUS STOP","16:20",1,"b6401c3e-7683-49bc-bb7f-8be3b2fd2210"
1346,19,"MARILENA HOTEL","M.ROAD","16:10",1,"b6401c3e-7683-49bc-bb7f-8be3b2fd2210"
1347,19,"MON REPO HTL","HOTEL","16:55",1,"b6401c3e-7683-49bc-bb7f-8be3b2fd2210"
1348,19,"NAFTILUS","M.ROAD","16:10",1,"b6401c3e-7683-49bc-bb7f-8be3b2fd2210"
1349,19,"NEFELI","M.GATE DAPHNILA","16:30",1,"b6401c3e-7683-49bc-bb7f-8be3b2fd2210"
1350,19,"NEW HOSPITAL","TRAFFIC LIGHTS","16:50",1,"b6401c3e-7683-49bc-bb7f-8be3b2fd2210"
1351,19,"NISSAKI BEACH","HOTEL","16:00",1,"b6401c3e-7683-49bc-bb7f-8be3b2fd2210"
1352,19,"PANTOKRATOR HTL","M.ROAD","16:10",1,"b6401c3e-7683-49bc-bb7f-8be3b2fd2210"
1353,19,"PARK HOTEL","M.ROAD","16:40",1,"b6401c3e-7683-49bc-bb7f-8be3b2fd2210"
1354,19,"RIVIERA BARBATI","MAIN ROAD","16:10",1,"b6401c3e-7683-49bc-bb7f-8be3b2fd2210"
1355,19,"ROYAL BOUTIQUE","MAIN ROAD","16:55",1,"b6401c3e-7683-49bc-bb7f-8be3b2fd2210"
1356,19,"SAN ANTONIO = ADONIS KALAMI","MAIN ROAD","15:50",1,"b6401c3e-7683-49bc-bb7f-8be3b2fd2210"
1357,19,"SAN MARCO","MINI MARKET","16:15",1,"b6401c3e-7683-49bc-bb7f-8be3b2fd2210"
1358,19,"SOPHIAS CORNER","MAIN ROAD","16:20",1,"b6401c3e-7683-49bc-bb7f-8be3b2fd2210"
1359,19,"SPIRIDOULA APPTS","KAZIANIS S/M","16:40",1,"b6401c3e-7683-49bc-bb7f-8be3b2fd2210"
1360,19,"SPITI PRIFTI","MAIN ROAD - OPPOSITE","16:40",1,"b6401c3e-7683-49bc-bb7f-8be3b2fd2210"
1361,19,"SUNSHINE","M.ROAD","16:00",1,"b6401c3e-7683-49bc-bb7f-8be3b2fd2210"
1362,19,"TARTAYIA BAR","M.ROAD-APENANTI","16:20",1,"b6401c3e-7683-49bc-bb7f-8be3b2fd2210"
1363,19,"TILEMACHOS HOTEL","MAIN ROAD","16:25",1,"b6401c3e-7683-49bc-bb7f-8be3b2fd2210"
1364,19,"VIVA BAR","M.ROAD","16:20",1,"b6401c3e-7683-49bc-bb7f-8be3b2fd2210"
1365,22,"AG. GORDIOS","BUS STOP","16:30",1,"b6401c3e-7683-49bc-bb7f-8be3b2fd2210"
1366,22,"AG.GORDIS HTL=MAYOR LA GROTTA VERDE","HOTEL","16:30",1,"b6401c3e-7683-49bc-bb7f-8be3b2fd2210"
1367,22,"AQUALAND VILLAGE","M.ROAD","16:10",1,"b6401c3e-7683-49bc-bb7f-8be3b2fd2210"
1368,22,"BELVEDERE APPTS AG.GORDIS","M.ROAD","16:30",1,"b6401c3e-7683-49bc-bb7f-8be3b2fd2210"
1369,22,"BLUE PRINCESS = ELLY BEACH","HOTEL","16:00",1,"b6401c3e-7683-49bc-bb7f-8be3b2fd2210"
1370,22,"ERMONES BRIDGE","BRIDGE","15:50",1,"b6401c3e-7683-49bc-bb7f-8be3b2fd2210"
1371,22,"GLYFADA BEACH H","BUS STOP","16:00",1,"b6401c3e-7683-49bc-bb7f-8be3b2fd2210"
1372,22,"GLYFADA BUS STOP","BUS STOP","16:00",1,"b6401c3e-7683-49bc-bb7f-8be3b2fd2210"
1373,22,"GR.MEDITTERANNEO","HOTEL","15:50",1,"b6401c3e-7683-49bc-bb7f-8be3b2fd2210"
1374,22,"GRAND HOTEL GLYFADA","MAIN GATE","16:00",1,"b6401c3e-7683-49bc-bb7f-8be3b2fd2210"
1375,22,"LIAPADES BEACH","HOTEL - TAVERNA","16:00",1,"b6401c3e-7683-49bc-bb7f-8be3b2fd2210"
1376,22,"OCEANIS","M.ROAD","15:50",1,"b6401c3e-7683-49bc-bb7f-8be3b2fd2210"
1377,22,"ODYSSEUS","M.ROAD","15:50",1,"b6401c3e-7683-49bc-bb7f-8be3b2fd2210"
1378,22,"PALEO ART NOUVEAU","M. ROAD","15:50",1,"b6401c3e-7683-49bc-bb7f-8be3b2fd2210"
1379,22,"PALEO POLICE","MAIN ROAD","15:50",1,"b6401c3e-7683-49bc-bb7f-8be3b2fd2210"
1380,22,"PALEOKASTRITSA HOTEL","MAIN ROAD","15:50",1,"b6401c3e-7683-49bc-bb7f-8be3b2fd2210"
1381,22,"PELEKAS BEACH","RECEPTION","16:10",1,"b6401c3e-7683-49bc-bb7f-8be3b2fd2210"
1382,22,"PHILOXENIA","BRIDGE","15:50",1,"b6401c3e-7683-49bc-bb7f-8be3b2fd2210"
1383,22,"PINK PALACE","PINK PALACE","16:30",1,"b6401c3e-7683-49bc-bb7f-8be3b2fd2210"
1384,22,"ROSA BELLA","ERMONES BRIDGE","15:50",1,"b6401c3e-7683-49bc-bb7f-8be3b2fd2210"
1385,28,"ABC SWEETHOME","MAIN ROAD","14:30",1,"b6401c3e-7683-49bc-bb7f-8be3b2fd2210"
1386,28,"ACHARAVI BEACH","SALVANOS SUPER MARKET","15:10",1,"b6401c3e-7683-49bc-bb7f-8be3b2fd2210"
1387,28,"ACHARAVI PUMP","M.ROAD","15:10",1,"b6401c3e-7683-49bc-bb7f-8be3b2fd2210"
1388,28,"AK NEW OFFICE","M.ROAD","14:30",1,"b6401c3e-7683-49bc-bb7f-8be3b2fd2210"
1389,28,"ALKION","M.ROAD","14:30",1,"b6401c3e-7683-49bc-bb7f-8be3b2fd2210"
1390,28,"ALMYROS NATURA","HOTEL","15:20",1,"b6401c3e-7683-49bc-bb7f-8be3b2fd2210"
1391,28,"ALMYROS VILLAS RESORT","MAIN GATE","15:05",1,"b6401c3e-7683-49bc-bb7f-8be3b2fd2210"
1392,28,"ANGELA  BEACH","HOTEL","14:40",1,"b6401c3e-7683-49bc-bb7f-8be3b2fd2210"
1393,28,"CENTURY RESORT","PUMP","15:10",1,"b6401c3e-7683-49bc-bb7f-8be3b2fd2210"
1394,28,"CORFIOT OFFICE KANALI","OPPOSITE ANGELINA","14:30",1,"b6401c3e-7683-49bc-bb7f-8be3b2fd2210"
1395,28,"DIELLAS ACHARAVI","MAIN ROAD","15:10",1,"b6401c3e-7683-49bc-bb7f-8be3b2fd2210"
1396,28,"FARMAK ΔΗΜΗΤΡΑ S/M","M.ROAD","15:10",1,"b6401c3e-7683-49bc-bb7f-8be3b2fd2210"
1397,28,"FIRE STATION","M.ROAD","14:50",1,"b6401c3e-7683-49bc-bb7f-8be3b2fd2210"
1398,28,"GELLINA VILLAGE","M.GATE","15:10",1,"b6401c3e-7683-49bc-bb7f-8be3b2fd2210"
1399,28,"GIANNIS RENT A BIKE KASSIOPI","M.ROAD","15:40",1,"b6401c3e-7683-49bc-bb7f-8be3b2fd2210"
1400,28,"HN TRAVEL RODA","OFFICE","14:50",1,"b6401c3e-7683-49bc-bb7f-8be3b2fd2210"
1401,28,"IONIAN PRINCESS","PUMP","15:10",1,"b6401c3e-7683-49bc-bb7f-8be3b2fd2210"
1402,28,"KASSIOPI PUMP","PUMP","15:40",1,"b6401c3e-7683-49bc-bb7f-8be3b2fd2210"
1403,28,"MARE BLUE = BLUE BAY","HOTEL","15:20",1,"b6401c3e-7683-49bc-bb7f-8be3b2fd2210"
1404,28,"MICHELANGELO KASSIOPI","NIKOS SUPERMARKET","15:40",1,"b6401c3e-7683-49bc-bb7f-8be3b2fd2210"
1405,28,"MUSEUM ACHARAVI","MAIN ROAD","15:10",1,"b6401c3e-7683-49bc-bb7f-8be3b2fd2210"
1406,28,"NIKOS SUPERMARKET","M.ROAD","15:40",1,"b6401c3e-7683-49bc-bb7f-8be3b2fd2210"
1407,28,"NSK OFFICE RODA","OFFICE","14:50",1,"b6401c3e-7683-49bc-bb7f-8be3b2fd2210"
1408,28,"PANORAMA","SIDARI SCONTO MARKET","14:30",1,"b6401c3e-7683-49bc-bb7f-8be3b2fd2210"
1409,28,"PARADISE BAR","M. ROAD","14:30",1,"b6401c3e-7683-49bc-bb7f-8be3b2fd2210"
1410,28,"PIXEL (SPORT CENTER)","M.ROAD","15:10",1,"b6401c3e-7683-49bc-bb7f-8be3b2fd2210"
1411,28,"POTAMOS","CROSSROAD","14:30",1,"b6401c3e-7683-49bc-bb7f-8be3b2fd2210"
1412,28,"REBECCA VILLAGE","MAIN ROAD - BRIDGE","14:35",1,"b6401c3e-7683-49bc-bb7f-8be3b2fd2210"
1413,28,"ROBOLLA BEACH","M.GATE RODA BEACH","14:50",1,"b6401c3e-7683-49bc-bb7f-8be3b2fd2210"
1414,28,"RODA BEACH","RECEPTION","14:50",1,"b6401c3e-7683-49bc-bb7f-8be3b2fd2210"
1415,28,"RODA BP","M.ROAD","14:50",1,"b6401c3e-7683-49bc-bb7f-8be3b2fd2210"
1416,28,"RODA CROSSROAD","CROSSROAD","14:50",1,"b6401c3e-7683-49bc-bb7f-8be3b2fd2210"
1417,28,"RODA TAXI RANK","M.ROAD","14:50",1,"b6401c3e-7683-49bc-bb7f-8be3b2fd2210"
1418,28,"SALVANOS S/M","M.ROAD","15:10",1,"b6401c3e-7683-49bc-bb7f-8be3b2fd2210"
1419,28,"SAXOPHONE BAR","MAIN ROAD","14:30",1,"b6401c3e-7683-49bc-bb7f-8be3b2fd2210"
1420,28,"SIDARI ELIN","M.ROAD","14:30",1,"b6401c3e-7683-49bc-bb7f-8be3b2fd2210"
1421,28,"SIDARI LEGENDS","MAIN ROAD","14:30",1,"b6401c3e-7683-49bc-bb7f-8be3b2fd2210"
1422,28,"SIDARI MIMOZA","M.ROAD","14:30",1,"b6401c3e-7683-49bc-bb7f-8be3b2fd2210"
1423,28,"SIDARI VILLAGE","LAGOON","14:30",1,"b6401c3e-7683-49bc-bb7f-8be3b2fd2210"
1424,28,"SPIROS S/M SIDARI","MAIN ROAD","14:30",1,"b6401c3e-7683-49bc-bb7f-8be3b2fd2210"
1425,28,"SPIROS SUPERMARKET","M.ROAD","15:10",1,"b6401c3e-7683-49bc-bb7f-8be3b2fd2210"
1426,28,"SUMMERTIME HOTEL","SAXOPHONE BAR","14:30",1,"b6401c3e-7683-49bc-bb7f-8be3b2fd2210"
1427,28,"SUNNY CORFU SIDARI","M. ROAD","14:30",1,"b6401c3e-7683-49bc-bb7f-8be3b2fd2210"
1428,28,"THREE LITTLE PIGS","MAIN ROAD","14:30",1,"b6401c3e-7683-49bc-bb7f-8be3b2fd2210"
1429,28,"TZORAS S/M ACHARAVI","MAIN ROAD","15:15",1,"b6401c3e-7683-49bc-bb7f-8be3b2fd2210"
1430,32,"ALKYON HOTEL","MAIN ROAD","13:50",1,"b6401c3e-7683-49bc-bb7f-8be3b2fd2210"
1431,32,"ASPA S/M","MAIN ROAD","14:15",1,"b6401c3e-7683-49bc-bb7f-8be3b2fd2210"
1432,32,"ATHINA","ASPA S/M","14:15",1,"b6401c3e-7683-49bc-bb7f-8be3b2fd2210"
1433,32,"BARRAS HOTEL","MAIN ROAD","14:15",1,"b6401c3e-7683-49bc-bb7f-8be3b2fd2210"
1434,32,"COSTAS GOLDEN BEACH-PAGOI","MAIN GATE","13:50",1,"b6401c3e-7683-49bc-bb7f-8be3b2fd2210"
1435,32,"DIONYSSOS","MAIN ROAD","14:05",1,"b6401c3e-7683-49bc-bb7f-8be3b2fd2210"
1436,32,"GOLDEN BEACH","MAIN ROAD","13:50",1,"b6401c3e-7683-49bc-bb7f-8be3b2fd2210"
1437,32,"KALOUDIS","MARINA ARILLAS HOTEL","14:05",1,"b6401c3e-7683-49bc-bb7f-8be3b2fd2210"
1438,32,"KAPETANIOS","KATHYS S/M","14:15",1,"b6401c3e-7683-49bc-bb7f-8be3b2fd2210"
1439,32,"KOUROS","ASPA S/M","14:15",1,"b6401c3e-7683-49bc-bb7f-8be3b2fd2210"
1440,32,"LITTLE PRINCE","ASPA S/M","14:15",1,"b6401c3e-7683-49bc-bb7f-8be3b2fd2210"
1441,32,"MARINA ARILLAS","M.ROAD","14:05",1,"b6401c3e-7683-49bc-bb7f-8be3b2fd2210"
1442,32,"MARVEL HOTEL","M.ROAD","14:05",1,"b6401c3e-7683-49bc-bb7f-8be3b2fd2210"
1443,32,"MYTHOS SAN STEFANO","TENNIS COURT","14:15",1,"b6401c3e-7683-49bc-bb7f-8be3b2fd2210"
1444,32,"NAFSIKA SAN STEFANO","M.ROAD","14:15",1,"b6401c3e-7683-49bc-bb7f-8be3b2fd2210"
1445,32,"ROMANZA HOTEL ST.STEFANO","HOTEL","14:15",1,"b6401c3e-7683-49bc-bb7f-8be3b2fd2210"
1446,32,"ROSE GARDEN APTS","PARADISE S/M ST. STEF.","14:15",1,"b6401c3e-7683-49bc-bb7f-8be3b2fd2210"
1447,32,"SAN GEORGE PALACE HOTEL","COSTAS RENT A CAR","13:50",1,"b6401c3e-7683-49bc-bb7f-8be3b2fd2210"
1448,32,"THEO HOTEL PAGOI","HOTEL","13:50",1,"b6401c3e-7683-49bc-bb7f-8be3b2fd2210"
1449,32,"TRIA ADELFIA ARILLAS","MAIN ROAD","14:05",1,"b6401c3e-7683-49bc-bb7f-8be3b2fd2210"
1450,29,"ASPROKAVOS S/M","M. ROAD","15:25",1,"b6401c3e-7683-49bc-bb7f-8be3b2fd2210"
1451,29,"CAPO DI CORFU","M.GATE","15:35",1,"b6401c3e-7683-49bc-bb7f-8be3b2fd2210"
1452,29,"CAPTAINS AG.PETROS","MAIN ROAD","15:35",1,"b6401c3e-7683-49bc-bb7f-8be3b2fd2210"
1453,29,"CHANDRIS S/M","M. ROAD","15:30",1,"b6401c3e-7683-49bc-bb7f-8be3b2fd2210"
1454,29,"CORFU SEA GARDENS","M. ROAD","15:25",1,"b6401c3e-7683-49bc-bb7f-8be3b2fd2210"
1455,29,"FOUNTAIN BAR","CROSSROAD","15:30",1,"b6401c3e-7683-49bc-bb7f-8be3b2fd2210"
1456,29,"EKATI HOTEL","OFFICE","15:30",1,"b6401c3e-7683-49bc-bb7f-8be3b2fd2210"
1457,29,"IONIAN SEA VIEW","M.ROAD","15:25",1,"b6401c3e-7683-49bc-bb7f-8be3b2fd2210"
1458,29,"ISLAND HOLIDAYS","OFFICE","15:30",1,"b6401c3e-7683-49bc-bb7f-8be3b2fd2210"
1459,29,"KAVOS PLAZA","M.ROAD","15:30",1,"b6401c3e-7683-49bc-bb7f-8be3b2fd2210"
1460,29,"KAVOS TAXI STATION","MAIN ROAD","15:30",1,"b6401c3e-7683-49bc-bb7f-8be3b2fd2210"
1461,29,"MEDITERRANEAN BLUE","HOTEL","15:25",1,"b6401c3e-7683-49bc-bb7f-8be3b2fd2210"
1462,29,"MORFEAS HOTEL","M.ROAD","15:30",1,"b6401c3e-7683-49bc-bb7f-8be3b2fd2210"
1463,29,"NAOS","OFFICE","15:30",1,"b6401c3e-7683-49bc-bb7f-8be3b2fd2210"
1464,29,"NIKOS APTS AG.PETROS","M.ROAD","15:35",1,"b6401c3e-7683-49bc-bb7f-8be3b2fd2210"
1465,29,"PANDIS TRAVEL","OFFICE","15:30",1,"b6401c3e-7683-49bc-bb7f-8be3b2fd2210"
1466,29,"SEA SIDE","MAIN ROAD","15:30",1,"b6401c3e-7683-49bc-bb7f-8be3b2fd2210"
1467,29,"SILVERSTONE GO CARTS","MAIN ROAD","15:30",1,"b6401c3e-7683-49bc-bb7f-8be3b2fd2210"
1468,29,"SUNRISE","M.ROAD","15:35",1,"b6401c3e-7683-49bc-bb7f-8be3b2fd2210"
1469,29,"YIANETTA","M. ROAD","15:35",1,"b6401c3e-7683-49bc-bb7f-8be3b2fd2210"
1470,22,"AG. GORDIOS","BUS STOP","15:15",1,"b6401c3e-7683-49bc-bb7f-8be3b2fd2210"
1471,22,"AG.GORDIS HTL=MAYOR LA GROTTA VERDE","HOTEL","15:15",1,"b6401c3e-7683-49bc-bb7f-8be3b2fd2210"
1472,22,"AQUALAND VILLAGE","M.ROAD","14:50",1,"b6401c3e-7683-49bc-bb7f-8be3b2fd2210"
1473,22,"BELVEDERE APPTS AG.GORDIS","M.ROAD","15:15",1,"b6401c3e-7683-49bc-bb7f-8be3b2fd2210"
1474,22,"ERMONES BRIDGE","BRIDGE","14:40",1,"b6401c3e-7683-49bc-bb7f-8be3b2fd2210"
1475,22,"GLYFADA BEACH H","BUS STOP","14:30",1,"b6401c3e-7683-49bc-bb7f-8be3b2fd2210"
1476,22,"GLYFADA BUS STOP","BUS STOP","14:30",1,"b6401c3e-7683-49bc-bb7f-8be3b2fd2210"
1477,22,"GRAND HOTEL GLYFADA","MAIN GATE","14:30",1,"b6401c3e-7683-49bc-bb7f-8be3b2fd2210"
1478,22,"PELEKAS BEACH","RECEPTION","14:50",1,"b6401c3e-7683-49bc-bb7f-8be3b2fd2210"
1479,22,"PHILOXENIA","BRIDGE","14:40",1,"b6401c3e-7683-49bc-bb7f-8be3b2fd2210"
1480,22,"PINK PALACE","PINK PALACE","15:15",1,"b6401c3e-7683-49bc-bb7f-8be3b2fd2210"
1481,22,"ROSA BELLA","ERMONES BRIDGE","14:40",1,"b6401c3e-7683-49bc-bb7f-8be3b2fd2210"
1483,20,"ACHILLEUS","M.ROAD","15:45",1,"b6401c3e-7683-49bc-bb7f-8be3b2fd2210"
1484,20,"AEOLOS BEACH","M.ROAD","15:40",1,"b6401c3e-7683-49bc-bb7f-8be3b2fd2210"
1485,20,"AG.GEORGIOS - CROSSROAD","CROSSROAD","16:20",1,"b6401c3e-7683-49bc-bb7f-8be3b2fd2210"
1486,20,"ALEXANDROS","M.ROAD","15:40",1,"b6401c3e-7683-49bc-bb7f-8be3b2fd2210"
1487,20,"ALKIONIS","M.ROAD","15:55",1,"b6401c3e-7683-49bc-bb7f-8be3b2fd2210"
1488,20,"ANANIAS","BLUE SEA-MAIN ROAD","16:20",1,"b6401c3e-7683-49bc-bb7f-8be3b2fd2210"
1489,20,"APOLLO PALACE","M.GATE","15:55",1,"b6401c3e-7683-49bc-bb7f-8be3b2fd2210"
1490,20,"AQUARIUS","BUS STOP","15:55",1,"b6401c3e-7683-49bc-bb7f-8be3b2fd2210"
1491,20,"ATTIKA BEACH","RECEPTION","16:30",1,"b6401c3e-7683-49bc-bb7f-8be3b2fd2210"
1492,20,"BENITSES KIOSK","M.ROAD","15:45",1,"b6401c3e-7683-49bc-bb7f-8be3b2fd2210"
1493,20,"BLUE DIAMOND","M.ROAD","16:20",1,"b6401c3e-7683-49bc-bb7f-8be3b2fd2210"
1494,20,"BLUE SEA HTL","M.ROAD","16:20",1,"b6401c3e-7683-49bc-bb7f-8be3b2fd2210"
1495,20,"BUKARI","PORT","15:40",1,"b6401c3e-7683-49bc-bb7f-8be3b2fd2210"
1496,20,"CHURCH - ST.GEORGE'S","M. ROAD","16:15",1,"b6401c3e-7683-49bc-bb7f-8be3b2fd2210"
1497,20,"COOP SUPERMARKET","MAIN ROAD","15:55",1,"b6401c3e-7683-49bc-bb7f-8be3b2fd2210"
1498,20,"CORFU MARIS","MAIN ROAD","15:45",1,"b6401c3e-7683-49bc-bb7f-8be3b2fd2210"
1499,20,"CORFU SENSES=MARE MONTE","M.ROAD","15:50",1,"b6401c3e-7683-49bc-bb7f-8be3b2fd2210"
1500,20,"DELFINIA","BUS STOP","15:55",1,"b6401c3e-7683-49bc-bb7f-8be3b2fd2210"
1501,20,"EKO MORAITIKA","M.ROAD","15:55",1,"b6401c3e-7683-49bc-bb7f-8be3b2fd2210"
1502,20,"GEMINI","HOTEL","15:55",1,"b6401c3e-7683-49bc-bb7f-8be3b2fd2210"
1503,20,"GOLDEN SUNSET BUKARI","M.ROAD","15:40",1,"b6401c3e-7683-49bc-bb7f-8be3b2fd2210"
1504,20,"GRANDE MARE = COSTA BLUE","M.ROAD","15:45",1,"b6401c3e-7683-49bc-bb7f-8be3b2fd2210"
1505,20,"KAFESAS","RESTAURANT","16:20",1,"b6401c3e-7683-49bc-bb7f-8be3b2fd2210"
1506,20,"KAIZER BRIDGE","M.ROAD","15:40",1,"b6401c3e-7683-49bc-bb7f-8be3b2fd2210"
1507,20,"KARINA HOTEL","M.ROAD","15:45",1,"b6401c3e-7683-49bc-bb7f-8be3b2fd2210"
1508,20,"LORD TRAVEL","M.ROAD","16:20",1,"b6401c3e-7683-49bc-bb7f-8be3b2fd2210"
1509,20,"MARBELLA","M.ROAD","15:50",1,"b6401c3e-7683-49bc-bb7f-8be3b2fd2210"
1510,20,"MESSONGHI BEACH","TAXI STATION","15:55",1,"b6401c3e-7683-49bc-bb7f-8be3b2fd2210"
1511,20,"MUSES SEA VEIW","MAIN ROAD","15:45",1,"b6401c3e-7683-49bc-bb7f-8be3b2fd2210"
1512,20,"OASIS HOTEL","BUS STOP","15:40",1,"b6401c3e-7683-49bc-bb7f-8be3b2fd2210"
1513,20,"OSCAR RENT A CAR","M.ROAD","15:55",1,"b6401c3e-7683-49bc-bb7f-8be3b2fd2210"
1514,20,"PANORAMA REST.AG.GEORGIOS","M.ROAD","16:20",1,"b6401c3e-7683-49bc-bb7f-8be3b2fd2210"
1515,20,"PANTHEON","MAIN ROAD","15:55",1,"b6401c3e-7683-49bc-bb7f-8be3b2fd2210"
1516,20,"PERAMA HOTEL","OASIS","15:40",1,"b6401c3e-7683-49bc-bb7f-8be3b2fd2210"
1517,20,"PERAMA KIOSK","OASIS","15:40",1,"b6401c3e-7683-49bc-bb7f-8be3b2fd2210"
1518,20,"POTAMAKI","MAIN ROAD","15:45",1,"b6401c3e-7683-49bc-bb7f-8be3b2fd2210"
1519,20,"PRIMASOL IONIAN SUN = REGENCY","M.ROAD","15:50",1,"b6401c3e-7683-49bc-bb7f-8be3b2fd2210"
1520,20,"ROSSIS","M.ROAD","15:55",1,"b6401c3e-7683-49bc-bb7f-8be3b2fd2210"
1521,20,"SANDY BEACH","HOTEL","16:15",1,"b6401c3e-7683-49bc-bb7f-8be3b2fd2210"
1522,20,"ST.STEFANO - CROSSROAD","CROSSROAD","15:40",1,"b6401c3e-7683-49bc-bb7f-8be3b2fd2210"
1523,20,"STADIUM","MAIN ROAD","15:45",1,"b6401c3e-7683-49bc-bb7f-8be3b2fd2210"
1524,20,"STORK TOURS OFFICE","MAIN ROAD","16:20",1,"b6401c3e-7683-49bc-bb7f-8be3b2fd2210"
1525,20,"TAXI MESSONGHI","TAXI STATION","15:55",1,"b6401c3e-7683-49bc-bb7f-8be3b2fd2210"
1526,20,"THEODOROS TAVERNA(GREEN BUS ST","M.ROAD","15:50",1,"b6401c3e-7683-49bc-bb7f-8be3b2fd2210"
1527,20,"TZEVENOS","M.ROAD","16:20",1,"b6401c3e-7683-49bc-bb7f-8be3b2fd2210"
1528,20,"VERONIKA","MAIN ROAD","15:50",1,"b6401c3e-7683-49bc-bb7f-8be3b2fd2210"
1529,20,"VERYCOCO","MAIN ROAD","15:55",1,"b6401c3e-7683-49bc-bb7f-8be3b2fd2210"
1530,29,"CAPO DI CORFU","M.GATE","16:35",1,"b6401c3e-7683-49bc-bb7f-8be3b2fd2210"
1531,19,"AB VASILOPOYLOS KONTOKALI","M.ROAD","15:05",1,"b6401c3e-7683-49bc-bb7f-8be3b2fd2210"
1532,19,"ARION HOTEL","MAIN ROAD","15:20",1,"b6401c3e-7683-49bc-bb7f-8be3b2fd2210"
1533,19,"CORFU HOLIDAY","M.GATE","15:20",1,"b6401c3e-7683-49bc-bb7f-8be3b2fd2210"
1534,19,"CORFU PALACE","M. ROAD","15:15",1,"b6401c3e-7683-49bc-bb7f-8be3b2fd2210"
1535,19,"CORKYRA BEACH","JET OIL","15:00",1,"b6401c3e-7683-49bc-bb7f-8be3b2fd2210"
1536,19,"DEBONO","DIELLAS","15:00",1,"b6401c3e-7683-49bc-bb7f-8be3b2fd2210"
1537,19,"DIELLAS MARKET","M.ROAD","15:00",1,"b6401c3e-7683-49bc-bb7f-8be3b2fd2210"
1538,19,"DIVANI","M.ROAD","15:20",1,"b6401c3e-7683-49bc-bb7f-8be3b2fd2210"
1539,19,"GOVINO BAY","PARK HTL M.ROAD","15:00",1,"b6401c3e-7683-49bc-bb7f-8be3b2fd2210"
1540,19,"HELLENIS","M.ROAD","15:20",1,"b6401c3e-7683-49bc-bb7f-8be3b2fd2210"
1541,19,"HOSPITAL","TRAFFIC LIGHTS","15:05",1,"b6401c3e-7683-49bc-bb7f-8be3b2fd2210"
1542,19,"JET OIL","M.ROAD","15:00",1,"b6401c3e-7683-49bc-bb7f-8be3b2fd2210"
1543,19,"KERKYRA GOLF","M.ROAD BUS STOP","15:10",1,"b6401c3e-7683-49bc-bb7f-8be3b2fd2210"
1544,19,"KIOSK GOUVIA","KIOSK GOUVIA","15:00",1,"b6401c3e-7683-49bc-bb7f-8be3b2fd2210"
1545,19,"KONTOKALI - AB BASILOPOULOS","TRAFFIC LIGHTS","15:05",1,"b6401c3e-7683-49bc-bb7f-8be3b2fd2210"
1546,19,"KONTOKALI BAY","M.GATE","15:05",1,"b6401c3e-7683-49bc-bb7f-8be3b2fd2210"
1547,19,"MARIANA","DIELLAS","15:00",1,"b6401c3e-7683-49bc-bb7f-8be3b2fd2210"
1548,19,"MATHRAKI DINOS","JET OIL","15:00",1,"b6401c3e-7683-49bc-bb7f-8be3b2fd2210"
1549,19,"MOLFETA","SPITI  PRIFTI","15:00",1,"b6401c3e-7683-49bc-bb7f-8be3b2fd2210"
1550,19,"MON REPO HTL","HOTEL","15:20",1,"b6401c3e-7683-49bc-bb7f-8be3b2fd2210"
1551,19,"NEW HOSPITAL","TRAFFIC LIGHTS","15:05",1,"b6401c3e-7683-49bc-bb7f-8be3b2fd2210"
1552,19,"OMIROS","DIELLAS","15:00",1,"b6401c3e-7683-49bc-bb7f-8be3b2fd2210"
1553,19,"PARADISE","JET OIL","15:00",1,"b6401c3e-7683-49bc-bb7f-8be3b2fd2210"
1554,19,"PARK HOTEL","M.ROAD","15:00",1,"b6401c3e-7683-49bc-bb7f-8be3b2fd2210"
1555,19,"POPI STAR","SPITI PRIFTI","15:00",1,"b6401c3e-7683-49bc-bb7f-8be3b2fd2210"
1556,19,"ROYAL BOUTIQUE","MAIN ROAD","15:20",1,"b6401c3e-7683-49bc-bb7f-8be3b2fd2210"
1557,19,"SPITI PRIFTI","MAIN ROAD - OPPOSITE","15:00",1,"b6401c3e-7683-49bc-bb7f-8be3b2fd2210"
1558,20,"3K S/M MESSONGHI","M.ROAD","15:55",1,"b6401c3e-7683-49bc-bb7f-8be3b2fd2210"
1559,20,"3K S/M MESSONGHI","M.ROAD","09:11",1,"b6401c3e-7683-49bc-bb7f-8be3b2fd2210"
1563,22,"A1","A2","06:00",1,"b6401c3e-7683-49bc-bb7f-8be3b2fd2210"
1564,22,"FUNDANA VILLAS LAKONES","CROSSROAD","07:15",1,"b6401c3e-7683-49bc-bb7f-8be3b2fd2210"
1565,20,"CORFU CRUISES OLD BENITSES OFFICE","MAIN ROAD","08:50",1,"b6401c3e-7683-49bc-bb7f-8be3b2fd2210"
1566,28,"SHELL PETROL STATION","MAIN ROAD","06:58",1,"b6401c3e-7683-49bc-bb7f-8be3b2fd2210"
1567,28,"PIZZA VENEZIA","MAIN ROAD","07:27",1,"b6401c3e-7683-49bc-bb7f-8be3b2fd2210"
1568,28,"JOANNAS","MAIN ROAD","07:35",1,"b6401c3e-7683-49bc-bb7f-8be3b2fd2210"
1569,28,"CHRISTINAS","MAIN ROAD","07:39",1,"b6401c3e-7683-49bc-bb7f-8be3b2fd2210"
1570,28,"SHELL PETROL STATION","MAIN ROAD","15:15",1,"b6401c3e-7683-49bc-bb7f-8be3b2fd2210"
1571,31,"CORFU TOWN NEW PORT","","19:30",1,"b6401c3e-7683-49bc-bb7f-8be3b2fd2210"
1572,28,"LAGOON","MAIN ROAD","14:30",1,"b6401c3e-7683-49bc-bb7f-8be3b2fd2210"
1573,28,"BLUE DREAM VELONADES","MAIN ROAD","14:35",1,"b6401c3e-7683-49bc-bb7f-8be3b2fd2210"
1574,28,"ESCAPE BAR","MAIN ROAD","07:30",1,"b6401c3e-7683-49bc-bb7f-8be3b2fd2210"
1575,28,"BLUE SKY","MAIN ROAD","07:35",1,"b6401c3e-7683-49bc-bb7f-8be3b2fd2210"
1576,28,"SAN GEORGE SIDARI","MAIN ROAD","07:30",1,"b6401c3e-7683-49bc-bb7f-8be3b2fd2210"
1577,29,"LEFKIMMI HOTEL","MAIN ROAD","09:45",1,"b6401c3e-7683-49bc-bb7f-8be3b2fd2210"
1578,20,"OSCAR BENITSES OFFICE","MAIN ROAD","08:55",1,"b6401c3e-7683-49bc-bb7f-8be3b2fd2210"
1579,29,"PANDIS TRAVEL","OFFICE","16:45",1,"b6401c3e-7683-49bc-bb7f-8be3b2fd2210"
1580,20,"BENITSES OLD OFFICE","MAIN ROAD","15:45",1,"b6401c3e-7683-49bc-bb7f-8be3b2fd2210"
1581,20,"TZEVENOS","MAIN ROAD","15:50",1,"b6401c3e-7683-49bc-bb7f-8be3b2fd2210"
1582,20,"ANANIAS","MAIN ROAD","15:50",1,"b6401c3e-7683-49bc-bb7f-8be3b2fd2210"
1583,28,"TEREZA","MAIN ROAD","14:30",1,"b6401c3e-7683-49bc-bb7f-8be3b2fd2210"
1584,28,"SKRIPERO","TRAFFIC LIGHTS - KIOSK","07:45",1,"b6401c3e-7683-49bc-bb7f-8be3b2fd2210"
1585,29,"NAOS","M. ROAD","16:45",1,"b6401c3e-7683-49bc-bb7f-8be3b2fd2210"
1586,19,"IPSOS TOWN HALL","","14:35",1,"b6401c3e-7683-49bc-bb7f-8be3b2fd2210"
1587,20,"PONTIKONISI","","15:40",1,"b6401c3e-7683-49bc-bb7f-8be3b2fd2210"
1588,20,"ALBATROS","","15:55",1,"b6401c3e-7683-49bc-bb7f-8be3b2fd2210"
1589,29,"TEX MEX","","16:45",1,"b6401c3e-7683-49bc-bb7f-8be3b2fd2210"
1590,29,"CORFU 4 ALL","M.ROAD","16:45",1,"b6401c3e-7683-49bc-bb7f-8be3b2fd2210"
1591,29,"ALEXANDRA","MAIN ROAD","09:45",1,"b6401c3e-7683-49bc-bb7f-8be3b2fd2210"
1592,29,"TEX MEX","MAIN ROAD","09:45",1,"b6401c3e-7683-49bc-bb7f-8be3b2fd2210"
1593,20,"MALTA","","16:45",1,"b6401c3e-7683-49bc-bb7f-8be3b2fd2210"
1594,20,"EL GRECO","","15:40",1,"b6401c3e-7683-49bc-bb7f-8be3b2fd2210"
1595,29,"ASPROCAVOS S/M","","16:45",1,"b6401c3e-7683-49bc-bb7f-8be3b2fd2210"
1596,20,"BELVEDERE","MAIN ROAD","15:50",1,"b6401c3e-7683-49bc-bb7f-8be3b2fd2210"
1597,20,"BELOS BEACH","","15:50",1,"b6401c3e-7683-49bc-bb7f-8be3b2fd2210"
1598,19,"KALYPSO CAFE IPSOS","MAIN ROAD","07:20",1,"b6401c3e-7683-49bc-bb7f-8be3b2fd2210"
1599,29,"ISLAND HOLIDAYS","","16:45",1,"b6401c3e-7683-49bc-bb7f-8be3b2fd2210"
1600,20,"HELLINIS","","15:20",1,"b6401c3e-7683-49bc-bb7f-8be3b2fd2210"
1601,19,"SUNSET HOTEL ALYKES","M.ROAD OPPOSITE","07:53",1,"b6401c3e-7683-49bc-bb7f-8be3b2fd2210"
1602,29,"NIKOS VILLAS","M. ROAD","16:45",1,"b6401c3e-7683-49bc-bb7f-8be3b2fd2210"
1603,29,"ISLAND BEACH","","16:45",1,"b6401c3e-7683-49bc-bb7f-8be3b2fd2210"
1604,20,"GOLDEN SANDS","","16:20",1,"b6401c3e-7683-49bc-bb7f-8be3b2fd2210"
1605,29,"YANNETA","","16:45",1,"b6401c3e-7683-49bc-bb7f-8be3b2fd2210"
1606,20,"KUSPADES REGINA HOTEL","MAIN ROAD","09:16",1,"b6401c3e-7683-49bc-bb7f-8be3b2fd2210"
1607,20,"KUSPADES/REGINA HOTEL","MAIN ROAD","09:15",1,"b6401c3e-7683-49bc-bb7f-8be3b2fd2210"
1608,29,"JUST IN TRAVEL","OFFICE","09:46",1,"b6401c3e-7683-49bc-bb7f-8be3b2fd2210"
1609,19,"RODOSTAMO HOTEL","M.ROAD","07:39",1,"b6401c3e-7683-49bc-bb7f-8be3b2fd2210"
1610,19,"MEGA HOTEL IPSOS","M.ROAD","07:22",1,"b6401c3e-7683-49bc-bb7f-8be3b2fd2210"
1611,28,"TEREZAS POOL","MAIN ROAD","07:37",1,"b6401c3e-7683-49bc-bb7f-8be3b2fd2210"
1612,28,"TROPICANA","MAIN ROAD","07:08",1,"b6401c3e-7683-49bc-bb7f-8be3b2fd2210"
1613,22,"AG.GORDIOS BUS STOP","BUS STOP","07:46",1,"b6401c3e-7683-49bc-bb7f-8be3b2fd2210"
1614,19,"GOLDEN MARE BARBATI","M.ROAD","07:11",1,"b6401c3e-7683-49bc-bb7f-8be3b2fd2210"
1615,28,"SIDARI VALUE PLUS OFFICE","OFFICE","07:29",1,"b6401c3e-7683-49bc-bb7f-8be3b2fd2210"
1616,19,"IPSOS MONTECRISTO CLUB","M.ROAD","07:18",1,"b6401c3e-7683-49bc-bb7f-8be3b2fd2210"
1617,19,"PALMA BOUTIQUE HOTEL","M.ROAD","07:32",1,"b6401c3e-7683-49bc-bb7f-8be3b2fd2210"
1618,19,"SETTE VENTI","M.ROAD","08:20",1,"b6401c3e-7683-49bc-bb7f-8be3b2fd2210"
1619,20,"AVRA HOTEL","MAIN ROAD","08:52",1,"b6401c3e-7683-49bc-bb7f-8be3b2fd2210"
1620,19,"JOY HERO SUPERMARKET","M.ROAD","07:30",1,"b6401c3e-7683-49bc-bb7f-8be3b2fd2210"
1621,20,"SANDY VILLAS","MAIN ROAD","09:30",1,"b6401c3e-7683-49bc-bb7f-8be3b2fd2210"
1622,22,"MARKATO SUPERMARKET","MAIN ROAD","08:00",1,"b6401c3e-7683-49bc-bb7f-8be3b2fd2210"
1623,32,"TEO HTL","MAIN GATE","06:50",1,"b6401c3e-7683-49bc-bb7f-8be3b2fd2210"
1624,19,"KARDA BEACH","MAIN ROAD","07:31",1,"b6401c3e-7683-49bc-bb7f-8be3b2fd2210"
1625,28,"DHMHTRA S/M ACHARAVI","MAIN ROAD","07:02",1,"b6401c3e-7683-49bc-bb7f-8be3b2fd2210"
1626,19,"LORD BYRON","M.ROAD","07:15",1,"b6401c3e-7683-49bc-bb7f-8be3b2fd2210"
1627,28,"PARADISE REST","MAIN ROAD","07:29",1,"b6401c3e-7683-49bc-bb7f-8be3b2fd2210"
1628,28,"RODA BEACH MAIN GATE","MAIN GATE","07:11",1,"b6401c3e-7683-49bc-bb7f-8be3b2fd2210"
1630,28,"MONIKA HTL","MAIN ROAD BRIDGE","07:30",1,"b6401c3e-7683-49bc-bb7f-8be3b2fd2210"
1631,28,"PALM GROVE","MAIN ROAD","07:39",1,"b6401c3e-7683-49bc-bb7f-8be3b2fd2210"
1632,29,"FUTURE BAR","M. ROAD","09:45",1,"b6401c3e-7683-49bc-bb7f-8be3b2fd2210"
1633,20,"MARATHIAS","M.ROAD","09:40",1,"b6401c3e-7683-49bc-bb7f-8be3b2fd2210"
1634,20,"ALMYRA BAR","MAIN ROAD","09:41",1,"b6401c3e-7683-49bc-bb7f-8be3b2fd2210"
1635,19,"POST OFFICE TZAVROS","M.ROAD","07:39",1,"b6401c3e-7683-49bc-bb7f-8be3b2fd2210"
1636,22,"FOLIES","M.ROAD","08:00",1,"b6401c3e-7683-49bc-bb7f-8be3b2fd2210"
1637,20,"ELENAS POOL","M.ROAD","09:40",1,"b6401c3e-7683-49bc-bb7f-8be3b2fd2210"
1638,22,"KOKKINI","M.ROAD","07:25",1,"b6401c3e-7683-49bc-bb7f-8be3b2fd2210"
1639,22,"IRENE APTARTMENTS","BUS STOP","07:45",1,"b6401c3e-7683-49bc-bb7f-8be3b2fd2210"
1640,29,"KAVOS TAXI STATION","M.ROAD","09:45",1,"b6401c3e-7683-49bc-bb7f-8be3b2fd2210"
1641,19,"AMALIA","M.ROAD","07:33",1,"b6401c3e-7683-49bc-bb7f-8be3b2fd2210"
1642,19,"KAZINHS S/M","M.ROAD","07:40",1,"b6401c3e-7683-49bc-bb7f-8be3b2fd2210"
1643,20,"STELLA S/M","M.ROAD","09:40",1,"b6401c3e-7683-49bc-bb7f-8be3b2fd2210"
1644,32,"SAN STEFANO BARAS","M.ROAD","07:05",1,"b6401c3e-7683-49bc-bb7f-8be3b2fd2210"
1645,28,"THALASSA HTL SUITES","M.ROAD","06:57",1,"b6401c3e-7683-49bc-bb7f-8be3b2fd2210"
1646,28,"EXPRESS S/M PEROYLADES","M.ROAD","07:36",1,"b6401c3e-7683-49bc-bb7f-8be3b2fd2210"
1647,28,"RODA OASIS HTL","MAIN ROAD","07:09",1,"b6401c3e-7683-49bc-bb7f-8be3b2fd2210"
1648,20,"TP TRAVEL PERAMA OFFICE","MAIN ROAD","08:45",1,"b6401c3e-7683-49bc-bb7f-8be3b2fd2210"
1649,29,"SANDY TRAVEL","OFFICE","09:45",1,"b6401c3e-7683-49bc-bb7f-8be3b2fd2210"
1650,29,"GO KART","MAIN ROAD","09:45",1,"b6401c3e-7683-49bc-bb7f-8be3b2fd2210"
1651,20,"MARBELLA NIDO","MAIN ROAD","09:06",1,"b6401c3e-7683-49bc-bb7f-8be3b2fd2210"
1652,29,"ROUSOS APT","M.ROAD","09:45",1,"b6401c3e-7683-49bc-bb7f-8be3b2fd2210"
1653,29,"THE BARN BAR","M.ROAD","09:45",1,"b6401c3e-7683-49bc-bb7f-8be3b2fd2210"
1654,28,"LEKKAS TAVERNA","M.ROAD","06:40",1,"b6401c3e-7683-49bc-bb7f-8be3b2fd2210"
1655,28,"KORMORANOS EXIT No5","MAIN ROAD","07:03",1,"b6401c3e-7683-49bc-bb7f-8be3b2fd2210"
1656,22,"KONTOGYALOS HTL","MAIN ROAD","07:25",1,"b6401c3e-7683-49bc-bb7f-8be3b2fd2210"
1657,32,"BRILIANT KAVO DEMO","MAIN.ROAD","06:40",1,"b6401c3e-7683-49bc-bb7f-8be3b2fd2210"
1659,28,"RODA TRAFFIC LIGHTS","MAIN ROAD","07:10",1,"b6401c3e-7683-49bc-bb7f-8be3b2fd2210"
1660,19,"SETTE VENTI","MAIN ROAD","08:20",1,"b6401c3e-7683-49bc-bb7f-8be3b2fd2210"
1661,28,"THE BRANCH OFFICE","MAIN ROAD","07:31",1,"b6401c3e-7683-49bc-bb7f-8be3b2fd2210"
1662,28,"TROUBETAS CORYFI","MAIN ROAD","08:05",1,"b6401c3e-7683-49bc-bb7f-8be3b2fd2210"
1663,29,"EROFILI HTL","MAIN ROAD","09:45",1,"b6401c3e-7683-49bc-bb7f-8be3b2fd2210"
1664,28,"KASSIOPI SPIRAKOS BIKES","MAIN ROAD","06:40",1,"b6401c3e-7683-49bc-bb7f-8be3b2fd2210"
1665,32,"COSTAS RENT A CAR / BIO MARKET","MAIN ROAD","06:50",1,"b6401c3e-7683-49bc-bb7f-8be3b2fd2210"
1666,29,"LEGENDS BAR KAVOS","M.ROAD","09:45",1,"b6401c3e-7683-49bc-bb7f-8be3b2fd2210"
1667,28,"NOSTOS MARE","MAIN ROAD","06:58",1,"b6401c3e-7683-49bc-bb7f-8be3b2fd2210"
1668,29,"SNOBS BAR","MAIN ROAD","09:45",1,"b6401c3e-7683-49bc-bb7f-8be3b2fd2210"
1669,20,"CASA DI VENTI","MAIN ROAD","08:57",1,"b6401c3e-7683-49bc-bb7f-8be3b2fd2210"
1670,20,"GARDENOS VILLA GIANNETA","MAIN ROAD","09:20",1,"b6401c3e-7683-49bc-bb7f-8be3b2fd2210"
1671,20,"STELLA S/M AG GEORGIOS ARG","MAIN ROAD","09:41",1,"b6401c3e-7683-49bc-bb7f-8be3b2fd2210"
1672,29,"MELISSA APTS KAVOS","M.ROAD","09:44",1,"b6401c3e-7683-49bc-bb7f-8be3b2fd2210"
1673,19,"DOUGLAS COLUMN","MAIN ROAD","08:20",1,"b6401c3e-7683-49bc-bb7f-8be3b2fd2210"
1674,28,"SIDARI MARKATO SUPER MARKET","MAIN ROAD","07:30",1,"b6401c3e-7683-49bc-bb7f-8be3b2fd2210"
1675,29,"NIKOS VILLAS","M.ROAD","09:44",1,"b6401c3e-7683-49bc-bb7f-8be3b2fd2210"
1676,19,"IKOS HOTEL","M.GATE","07:32",1,"b6401c3e-7683-49bc-bb7f-8be3b2fd2210"
1677,22,"RIZOS GARDEN ΚΟΜΒΟΣ ΑΦΡΑΣ","MAIN ROAD","08.00",1,"b6401c3e-7683-49bc-bb7f-8be3b2fd2210"
1678,20,"VITALADES CROSSROAD","MAIN ROAD","09:30",1,"b6401c3e-7683-49bc-bb7f-8be3b2fd2210"
1679,19,"MONTECRISTO BAR","MAIN ROAD","07:20",1,"b6401c3e-7683-49bc-bb7f-8be3b2fd2210"
1680,32,"SAN GEORGIO","MAIN ROAD","06:51",1,"b6401c3e-7683-49bc-bb7f-8be3b2fd2210"
1681,22,"VATOS","BUS STOP","07:05",1,"b6401c3e-7683-49bc-bb7f-8be3b2fd2210"
1682,20,"VERONIKI APTS","MAIN ROAD","09:07",1,"b6401c3e-7683-49bc-bb7f-8be3b2fd2210"
1683,28,"FIORI HTL","MAIN ROAD","07:55",1,"b6401c3e-7683-49bc-bb7f-8be3b2fd2210"
1684,22,"LINDAS MARKET","MAIN ROAD","07:05",1,"b6401c3e-7683-49bc-bb7f-8be3b2fd2210"
1685,20,"ANDROMACHES APTS","MAIN ROAD","08:50",1,"b6401c3e-7683-49bc-bb7f-8be3b2fd2210"
1686,19,"ALYKES PROFI","MAIN ROAD","07:50",1,"b6401c3e-7683-49bc-bb7f-8be3b2fd2210"
1687,20,"KANALIA SKLAVENITIS","MAIN ROAD","08:40",1,"b6401c3e-7683-49bc-bb7f-8be3b2fd2210"
1688,19,"PALEA ANAKTORA KAMARA","MAIN ROAD","08:20",1,"b6401c3e-7683-49bc-bb7f-8be3b2fd2210"
1689,20,"BRETANOS APTS","MAIN ROAD","08:48",1,"b6401c3e-7683-49bc-bb7f-8be3b2fd2210"
1690,19,"CITY MARINA HTL","MAIN ROAD","08:20",1,"b6401c3e-7683-49bc-bb7f-8be3b2fd2210"
1691,20,"MYTHOS KAIRABA HOTEL","RECEPTION","09:00",1,"b6401c3e-7683-49bc-bb7f-8be3b2fd2210"
1692,22,"ADRIOLOS APTS","MAIN GATE","07:10",1,"b6401c3e-7683-49bc-bb7f-8be3b2fd2210"
1693,19,"KOLONA NTOYGLA","MAIN ROAD","08:15",1,"b6401c3e-7683-49bc-bb7f-8be3b2fd2210"
1694,20,"NYXTERIDA PENSION MARATHIAS","CROSSROAD","09:30",1,"b6401c3e-7683-49bc-bb7f-8be3b2fd2210"
1695,20,"BENITSES SCHOOL","MAIN ROAD","08:53",1,"b6401c3e-7683-49bc-bb7f-8be3b2fd2210"
1696,22,"NOUFARO APARTMENTS","MAIN ROAD","07:00",1,"b6401c3e-7683-49bc-bb7f-8be3b2fd2210"
1697,20,"AROKARIA","MAIN ROAD","08:55",1,"b6401c3e-7683-49bc-bb7f-8be3b2fd2210"
1698,28,"VLASEROS BRANCH OFFICE","MAIN ROAD","07:30",1,"b6401c3e-7683-49bc-bb7f-8be3b2fd2210"
1699,20,"HLIOS SUPERMARKET","MAIN ROAD","09:10",1,"b6401c3e-7683-49bc-bb7f-8be3b2fd2210"
1700,19,"KAMINAKI","MAIN ROAD","06:55",1,"b6401c3e-7683-49bc-bb7f-8be3b2fd2210"
1701,28,"S - BIKES ACHARAVI","MAIN ROAD","07:00",1,"b6401c3e-7683-49bc-bb7f-8be3b2fd2210"
1702,19,"MAYROS GATOS","MAIN ROAD","08:20",1,"b6401c3e-7683-49bc-bb7f-8be3b2fd2210"
1703,19,"MOYSIKO GYMNASIO KOMMENO","BUS STOP","07:39",1,"b6401c3e-7683-49bc-bb7f-8be3b2fd2210"
1704,19,"TELESILA HOTEL","MAIN ROAD","07:45",1,"b6401c3e-7683-49bc-bb7f-8be3b2fd2210"
1705,32,"LEITOYRGIS OFFICE SAN STEFANO","MAIN ROAD","07:10",1,"b6401c3e-7683-49bc-bb7f-8be3b2fd2210"
1706,20,"THRAKA GRILL HOUSE","MAIN ROAD","08:40",1,"b6401c3e-7683-49bc-bb7f-8be3b2fd2210"
